platform,title,url,cover_url,author,published_at,like_count,comment_count,collect_count,share_count,hot_score,recent_hot_score,case_type,built_thing,tool_stack,target_audience,hook,content_value,evidence_level,monetization_signal,risk_flag,primary_category,category_label,product_forms,tools,motives,audience,confidence,description,source,keyword
douyin,我花了2周时间用AI做出了一款火爆全网的app #Vibecoding #vibecoding大赏 @抖音科技 这是一款本人用 Codex零代码开发的一款Mac系统原生软件，是一款强大的效率工具！支持一秒直达应用、拼音首字母搜应用、截图、录屏、改图、剪视频、剪贴版等等高频使用场景的能力，整个软件安装包不到13MB，欢迎免费使用！,https://www.iesdouyin.com/share/video/7652562183117346624/?region=US&mid=7652562127282015011&u_code=0&did=MS4wLjABAAAAfKEZXNrboo_1ajqRtA2k77MgpJIzAXxJdgqShQWGLLY&iid=MS4wLjABAAAAWqobcScA7pxGV2NneXWu5HMkCpucXLOmFVaFfTGfo9Y&with_sec_did=1&video_share_track_ver=&titleType=title&share_sign=1S_JFGQWVUuErNuv1hbRCWwYm0Fr.8BwQKs00ltZZjA-&share_version=320900&ts=1782807021&from_aid=615883&from_ssr=1&share_track_info=%7B%22link_description_type%22%3A%22%22%7D,https://p26-sign.douyinpic.com/tos-cn-i-0813c000-ce/oUBEPukYIw3AoIMCFmTDfES9zCAFAA1wA6eqQb~noop.webp?biz_tag=aweme_video&card_type=153&column_n=0&from=327834062_large&l=2026063016102051E1FA42D588112D1CBC&lk3s=138a59ce&s=PackSourceEnum_SEARCH_SIN&sc=cover&se=false&x-expires=1784016000&x-signature=vIX72Y1UomtX5QmxGzUJ6su2ep0%3D,土豆浪浪,2026-06-18,7694,545,,1600,42653.0,3554.42,真案例,App/软件、内容/创作、运营工具、创意实验/好玩项目,Codex,开发者、设计/创作者,平台大赛、不会代码、免费工具、效率提升,有结果,强,,平台活动内容,product_build,做产品/工具,App/软件、课程/内容,Codex,工作提效,开发者、设计/创作者,0.78,keyword=vibecoding; 我花了2周时间用AI做出了一款火爆全网的app #Vibecoding #vibecoding大赏 @抖音科技 这是一款本人用 Codex零代码开发的一款Mac系统原生软件，是一款强大的效率工具！支持一秒直达应用、拼音首字母搜应用、截图、录屏、改图、剪视频、剪贴版等等高频使用场景的能力，整个软件安装包不到13MB，欢迎免费使用！,tikhub:douyin_keyword_search,vibecoding
douyin,Vibe Coding系列之：3步搞定，4分钟上手~ 哈喽啊朋友们~ 欢迎大家来到我的Vibe Coding系列的第一个视频！ 最近大家是不是经常刷到很多人靠自己Vibe Coding出了很多炫酷的作品？比如制作了各种游戏和桌面工具，学生党们是不是也想知道如何用AI提升自己的生产力？ 这期视频手把手教会大家上手Vibe Coding： 1 Claude Code的安装方法 2 接入最新满血版DeepSeek V 4 Pro 3 在Visual Studio Code中统一调度并开始使用 大家跟着我的视频来操作即可，视频里有详细的可能遇到的问题的解决说明，大家如果遇到新的问题也欢迎在评论区留言讨论~ 后面我会分享自己让AI更聪明，更有效率的技巧，大家可以期待一下~ #vibecoding #ai #claude #deepseek #抖音玩法合伙人计划,https://www.iesdouyin.com/share/video/7655285577612266802/?region=US&mid=7655285681077504806&u_code=0&did=MS4wLjABAAAAfKEZXNrboo_1ajqRtA2k77MgpJIzAXxJdgqShQWGLLY&iid=MS4wLjABAAAAWqobcScA7pxGV2NneXWu5HMkCpucXLOmFVaFfTGfo9Y&with_sec_did=1&video_share_track_ver=&titleType=title&share_sign=gGwq6AoByK79WPTCfLS8KXAJf1_1VwmwB_DFf2o8ycU-&share_version=320900&ts=1782807021&from_aid=615883&from_ssr=1&share_track_info=%7B%22link_description_type%22%3A%22%22%7D,https://p26-sign.douyinpic.com/tos-cn-i-dy/10281c584aeb49edacf9d874f61a06cf~noop.webp?biz_tag=aweme_video&card_type=153&column_n=0&from=327834062_large&l=2026063016102051E1FA42D588112D1CBC&lk3s=138a59ce&s=PackSourceEnum_SEARCH_SIN&sc=cover&se=false&x-expires=1784016000&x-signature=avQz8wF79ELAxTsaS2%2FihZiTvQE%3D,博一搏,2026-06-25,531,49,,37,2098.0,419.6,真案例,内容/创作、创意实验/好玩项目、游戏/互动、运营工具,Claude、Claude Code、DeepSeek,学生/求职者、设计/创作者,几小时上线、效率提升、求职转行,有结果,强,,,creative_game_visual,创意可视化/小游戏,小游戏/互动、课程/内容,Claude、Claude Code、DeepSeek,工作提效、表达创意,学生/求职者、设计/创作者,0.57,keyword=vibecoding; Vibe Coding系列之：3步搞定，4分钟上手~ 哈喽啊朋友们~ 欢迎大家来到我的Vibe Coding系列的第一个视频！ 最近大家是不是经常刷到很多人靠自己Vibe Coding出了很多炫酷的作品？比如制作了各种游戏和桌面工具，学生党们是不是也想知道如何用AI提升自己的生产力？ 这期视频手把手教会大家上手Vibe Coding： 1 Claude Code的安装方法 2 接入最新满血版DeepSeek V 4 Pro 3 在Visual Studio Code中统一调度并开始使用 大家跟着我的视频来操作即可，视频里有详细的可能遇到的问题的解决说明，大家如果遇到新的问题也欢迎在评论区留言讨论~ 后面我会分享自己让AI更聪明，更有效率的技巧，大家可以期待一下~ #vibecoding #ai #claude #deepseek #抖音玩法合伙人计划,tikhub:douyin_keyword_search,vibecoding
douyin,vibe coding大赏！我的App终于破15万用户啦✨ 最近真的超开心——自己做的App用户数突破15万了！ #氛围编程 #ai编程 #vibecoding大赏 #iphone使用技巧分享,https://www.iesdouyin.com/share/video/7656465901181690788/?region=US&mid=7656465775661812499&u_code=0&did=MS4wLjABAAAAnfHHR24tYrXCZR0D70iNBiZN36s5wfqgaimU-5Sh8E_LSTGAOFlY94HcwYdTQBx5&iid=MS4wLjABAAAAeqD6hQCw7P9-oh70pBzbEIkPDA_cKK9zv-sFDWkDQPvEsqftKeg5YrWyIsrdbshf&with_sec_did=1&video_share_track_ver=&titleType=title&share_sign=iJT62Q51sVDQVTTLxL5luqJiC_uXyOFerimt7L2V0vc-&share_version=320900&ts=1782807044&from_aid=615883&from_ssr=1&share_track_info=%7B%22link_description_type%22%3A%22%22%7D,https://p3-sign.douyinpic.com/tos-cn-p-0015/oASuIbDeiAsJ9JBUAOgiAIyOEfOQ1NiBEB07BA~noop.webp?biz_tag=aweme_video&card_type=153&column_n=0&from=327834062_large&l=202606301610439BB49FDF97826E2912DA&lk3s=138a59ce&s=PackSourceEnum_SEARCH_SIN&sc=cover&se=false&x-expires=1784016000&x-signature=Ynr1N7Jyzeq65i1rmCJVq9a572g%3D,夏季不闹,2026-06-28,1012,89,,118,3148.0,1574.0,真案例,App/软件,,,平台大赛,有结果,强,用户,平台活动内容,dev_productivity,开发提效/编程技巧,App/软件,,,,0.7,keyword=氛围编程; vibe coding大赏！我的App终于破15万用户啦✨ 最近真的超开心——自己做的App用户数突破15万了！ #氛围编程 #ai编程 #vibecoding大赏 #iphone使用技巧分享,tikhub:douyin_keyword_search,氛围编程
douyin,Codex App 从 0 到 1 开发小程序， 保姆级教程 #AI编程 #CodexApp #小程序开发 #AI编程实战 本期视频从 0 到 1 演示如何使用 Codex App 开发一个微信小程序。 这次会完整走一遍流程：先用 PRD 明确需求，再用 OpenDesign 生成小程序原型，然后把原型转换成微信小程序代码，接着对接微信云开发、云函数和数据库，最后再生成一个后台管理系统并完成部署。 如果你想了解 AI 编程工具到底能不能真正做出一个完整项目，这期视频会比较适合你。它不是单纯演示页面，而是尽量把小程序前端、云开发、数据接口、订单流程、后台管理和上线流程都串起来。 本期涉及工具：Codex App、OpenDesign、微信开发者工具、微信云开发、CloudBase。 #Vibecoding #vibecoding大赏,https://www.iesdouyin.com/share/video/7654574885963926799/?region=US&mid=7654575564795595539&u_code=0&did=MS4wLjABAAAAIdHs7yEd_P216I9ENo24u4Zk3lBk-C5oq_aWdSj_5r4&iid=MS4wLjABAAAA56g8YFGjJxczKknh9VitTyhKteoCIWCW586N__BCZ8Y&with_sec_did=1&video_share_track_ver=&titleType=title&share_sign=oypzEchjfsbF.U0bssJl.YR8bMomYev4PGmoVuFC2IM-&share_version=320900&ts=1782807053&from_aid=615883&from_ssr=1&share_track_info=%7B%22link_description_type%22%3A%22%22%7D,https://p3-sign.douyinpic.com/tos-cn-i-dy/a74eb51e5e9a40c7b0d9842c69eb150d~noop.webp?biz_tag=aweme_video&card_type=153&column_n=0&from=327834062_large&l=202606301610529242E5C22FABA4EB6B28&lk3s=138a59ce&s=PackSourceEnum_SEARCH_SIN&sc=cover&se=false&x-expires=1784016000&x-signature=OhTogh8W6Es1HeRwH1I5RSg3ql4%3D,AI随风,2026-06-23,5030,741,,947,33531.0,4790.14,真案例,App/软件、内容/创作、小程序、自动化流程、创意实验/好玩项目,Codex,开发者、设计/创作者,完整流程、平台大赛,可复刻、有结果,强,,平台活动内容,product_build,做产品/工具,SaaS/后台、课程/内容、App/软件、小程序,Codex,学习入门、快速原型,开发者、设计/创作者,0.7,keyword=AI编程; Codex App 从 0 到 1 开发小程序， 保姆级教程 #AI编程 #CodexApp #小程序开发 #AI编程实战 本期视频从 0 到 1 演示如何使用 Codex App 开发一个微信小程序。 这次会完整走一遍流程：先用 PRD 明确需求，再用 OpenDesign 生成小程序原型，然后把原型转换成微信小程序代码，接着对接微信云开发、云函数和数据库，最后再生成一个后台管理系统并完成部署。 如果你想了解 AI 编程工具到底能不能真正做出一个完整项目，这期视频会比较适合你。它不是单纯演示页面，而是尽量把小程序前端、云开发、数据接口、订单流程、后台管理和上线流程都串起来。 本期涉及工具：Codex App、OpenDesign、微信开发者工具、微信云开发、CloudBase。 #Vibecoding #vibecoding大赏,tikhub:douyin_keyword_search,AI编程
douyin,怎么让 AI 写的代码敢上线?四步工作流 ！ #vibecoding大赏 #claudecode #软件开发 #青年创作者激励计划 #ai新星计划,https://www.iesdouyin.com/share/video/7652726291149425974/?region=US&mid=7449292832471353371&u_code=0&did=MS4wLjABAAAAggfURgXDUwKGIbEup4VJvQB40LNSD5gUFEUll7qDMOprV_36-iPBGD_KTCl5oxx4&iid=MS4wLjABAAAAE9rFDftscfnSfrTANfNd95tuIo0ZKC7FuQZbXQOdBgxTlY2cjepmncYDWM6QWfw2&with_sec_did=1&video_share_track_ver=&titleType=title&share_sign=z0W_sOpVV9E_olDeYzzs4cOKatW8XhkWIuPv.nlLl0Y-&share_version=320900&ts=1782807071&from_aid=615883&from_ssr=1&share_track_info=%7B%22link_description_type%22%3A%22%22%7D,https://p26-sign.douyinpic.com/tos-cn-i-dy/d74641748f7f408ea93ca44b30c979c8~noop.webp?biz_tag=aweme_video&card_type=153&column_n=0&from=327834062_large&l=2026063016111060757220B689C521ED19&lk3s=138a59ce&s=PackSourceEnum_SEARCH_SIN&sc=cover&se=false&x-expires=1784016000&x-signature=mh91297lwUNVUe5mqJRYks8rn3M%3D,林克AI实战录,2026-06-18,1515,26,,200,8174.0,681.17,真案例,App/软件、自动化流程,Claude、Claude Code,开发者,平台大赛、完整流程、效率提升,可复刻、有结果,强,,平台活动内容,dev_productivity,开发提效/编程技巧,AI Agent/工作流、App/软件,Claude、Claude Code,工作提效,开发者,0.7,keyword=AI写代码; 怎么让 AI 写的代码敢上线?四步工作流 ！ #vibecoding大赏 #claudecode #软件开发 #青年创作者激励计划 #ai新星计划,tikhub:douyin_keyword_search,AI写代码
douyin,祖传💩山代码有救了！#ai创作浪潮计划 #大模型agent开发 #ai危机 #Ai工具 #ai工具测评,https://www.iesdouyin.com/share/note/7656835163905325190/?region=US&mid=7650551172826172166&u_code=0&did=MS4wLjABAAAAsqlRYnU5uDe-DiBY8fkl_mTCj7zvlHy4pR3JL2sZ4RoAch0UIjWzeIwnpQMZBwKq&iid=MS4wLjABAAAArjzsmK93Rbv1bTnqdUrl5zig6EfAJ6gx0PxqNiH_pVEvaY4ouxVi00KD5_NymXDa&with_sec_did=1&video_share_track_ver=&titleType=title&schema_type=37&share_sign=ACzDwZo8Xd4luqujXfE7L2gWNlF2CWcEk.H78CHILZQ-&share_version=320900&ts=1782807086&from_aid=615883&from_ssr=1&share_track_info=%7B%22link_description_type%22%3A%22%22%7D,https://p3-sign.douyinpic.com/tos-cn-i-0813/owNNQVT9MEArAiwAEqogMoDfFUfAAChABIrCAQ~noop.webp?biz_tag=aweme_images&card_type=303&column_n=0&from=327834062_large&l=202606301611252A88D7ACAB07E8B53AD6&lk3s=138a59ce&s=PackSourceEnum_SEARCH_SIN&sc=cover&se=false&x-expires=1784016000&x-signature=3LP4TWvdc5SYFlZBVlWLYoI5cOQ%3D,BThreeDevLab,2026-06-29,1403,4,,154,8076.0,8076.0,工具测评,AI agent,,开发者,,,弱,,,dev_productivity,开发提效/编程技巧,AI Agent/工作流,,,开发者,0.57,keyword=AI开发; 祖传💩山代码有救了！#ai创作浪潮计划 #大模型agent开发 #ai危机 #Ai工具 #ai工具测评,tikhub:douyin_keyword_search,AI开发
douyin,教你零代码手搓一个ai编导网站！ #豆包 #自媒体 #编导 #自媒体运营 #人类对豆包的开发不足百分之一,https://www.iesdouyin.com/share/video/7656740403021958409/?region=US&mid=7656740408946019099&u_code=0&did=MS4wLjABAAAAsqlRYnU5uDe-DiBY8fkl_mTCj7zvlHy4pR3JL2sZ4RoAch0UIjWzeIwnpQMZBwKq&iid=MS4wLjABAAAArjzsmK93Rbv1bTnqdUrl5zig6EfAJ6gx0PxqNiH_pVEvaY4ouxVi00KD5_NymXDa&with_sec_did=1&video_share_track_ver=&titleType=title&share_sign=9NXKYvSesjrqsHEIPUhSVGMOA3stSnZWgj3y6eqlhLI-&share_version=320900&ts=1782807086&from_aid=615883&from_ssr=1&share_track_info=%7B%22link_description_type%22%3A%22%22%7D,https://p9-sign.douyinpic.com/tos-cn-i-dy/ef1f0562d15c4b8e8d71decda3764e7d~noop.webp?biz_tag=aweme_video&card_type=153&column_n=0&from=327834062_large&l=202606301611252A88D7ACAB07E8B53AD6&lk3s=138a59ce&s=PackSourceEnum_SEARCH_SIN&sc=cover&se=false&x-expires=1784016000&x-signature=mIIRruRKY5mSeyZn6Q0Zi%2BOZLOI%3D,浩然拙见,2026-06-30,16,0,,1,36.0,36.0,真案例,网站、运营工具,豆包,开发者、运营/营销,不会代码,有结果,强,,,dev_productivity,开发提效/编程技巧,网站,豆包,,开发者、运营/营销,0.62,keyword=AI开发; 教你零代码手搓一个ai编导网站！ #豆包 #自媒体 #编导 #自媒体运营 #人类对豆包的开发不足百分之一,tikhub:douyin_keyword_search,AI开发
douyin,学会这5种AI运镜，让你的vlog质感飙升 #ai运镜 #视频教程 #ai技巧 #在拍一种很新的vlog #青年创作者成长计划,https://www.iesdouyin.com/share/video/7652261498932268303/?region=US&mid=7652261519694351155&u_code=0&did=MS4wLjABAAAAAGXhqWcRirH6oOlN0ryBLyp1_c97WbQwBuJyQtZuJRdd18x70VfbYCAhx_VagxGA&iid=MS4wLjABAAAAFKXHhY-n3lXPcesMwdAayQdP20lgD9AGamruo4w7F_ChQPFq2NGxPr2ubVJJ_QrX&with_sec_did=1&video_share_track_ver=&titleType=title&share_sign=uPYGw2Z1WxkWok5.SkolOkjpwaCvrXDHwKyn7XiEn6I-&share_version=320900&ts=1782807095&from_aid=615883&from_ssr=1&share_track_info=%7B%22link_description_type%22%3A%22%22%7D,https://p26-sign.douyinpic.com/tos-cn-i-dy/7bffbdb65be54694a0d1c1fa841b5d49~noop.webp?biz_tag=aweme_video&card_type=153&column_n=0&from=327834062_large&l=202606301611331EA528B15C331EA24772&lk3s=138a59ce&s=PackSourceEnum_SEARCH_SIN&sc=cover&se=false&x-expires=1784016000&x-signature=4l%2BTi8XBPEdii%2F74tcXYRK%2BdEoU%3D,画笔,2026-06-17,30449,353,,6146,166219.0,12786.08,教程,内容/创作,,设计/创作者,,可复刻,中,,,learning_tutorial,教程/课程/方法论,课程/内容,,学习入门,设计/创作者,0.95,keyword=AI 开发; 学会这5种AI运镜，让你的vlog质感飙升 #ai运镜 #视频教程 #ai技巧 #在拍一种很新的vlog #青年创作者成长计划,tikhub:douyin_keyword_search,AI 开发
douyin,AI 逐字敲代码这段画面，居然是 HTML 渲染出来的 先看这段——一个 AI 在代码编辑器里逐字生成，光标还在闪。这整段画面，是我用 HTML 写的，真渲染出来的，不是录屏。 工具叫 HyperFrames，HeyGen 开源的。思路就一句：浏览器把你的 HTML 渲染成画面，FFmpeg 再逐帧录成 MP4。每一秒、每个字什么时候出现，都是确定的，能复现、能 git 管理。 它天生给 AI agent 设计的。给 Codex 或 Claude 一句话需求，它自己写 HTML、预览、渲染出片，全程不用碰剪辑软件。 跟 Sora、可灵那种不一样——那些 prompt 进去是随机视频，每次都不同；HyperFrames 是白盒，每一帧都是你代码定的。 对程序员几乎零学习成本：CSS 动画、flexbox、keyframes 你早就会了，平移过来就是做视频。 我的判断：做视频正从剪辑师的活，变成写代码的活。会前端的人，已经攥着做视频的杠杆了。 你站哪边？评论区聊。 #HyperFrames #AI视频 #HTML #AI编程 #VibeCoding,https://www.iesdouyin.com/share/video/7652842666626944310/?region=US&mid=7652842660142533422&u_code=0&did=MS4wLjABAAAAllvsfb5nysvO1NHWryT2To71w57jjpByis-2Td0oKmB5rv2qE5d4hKxOOFg_ZYwJ&iid=MS4wLjABAAAAllXWZkscyETw27G_TySba14_30Z8fWhTTuebwlSZqkOfr6iJ4RP-_zLap31Drg5-&with_sec_did=1&video_share_track_ver=&titleType=title&share_sign=MPalgreQdeIORXVs3K7_WRON1Ph3TLyVu.Z__lTx4OA-&share_version=320900&ts=1782807103&from_aid=615883&from_ssr=1&share_track_info=%7B%22link_description_type%22%3A%22%22%7D,https://p11-sign.douyinpic.com/tos-cn-i-dy/79a13833bfc44443b49bc4bed115d252~noop.webp?biz_tag=aweme_video&card_type=153&column_n=0&from=327834062_large&l=20260630161142931C4ED6AD2C22D9BD0C&lk3s=138a59ce&s=PackSourceEnum_SEARCH_SIN&sc=cover&se=false&x-expires=1784016000&x-signature=eVi1Nod1MVFIRPp7Dlt0qp%2Bu%2FqY%3D,罗码视界,2026-06-19,169,2,,9,599.0,54.45,真案例,AI agent、设计系统/视觉、3D建模/渲染、App/软件、内容/创作、求职/学习工具、创意实验/好玩项目,Claude、Codex、Kling、Sora,设计/创作者、开发者,免费工具,有结果,强,,,dev_productivity,开发提效/编程技巧,3D建模/渲染、AI Agent/工作流、App/软件、小游戏/互动、课程/内容,Claude、Codex、Kling、Sora,表达创意,设计/创作者、开发者,0.6,keyword=AI敲代码; AI 逐字敲代码这段画面，居然是 HTML 渲染出来的 先看这段——一个 AI 在代码编辑器里逐字生成，光标还在闪。这整段画面，是我用 HTML 写的，真渲染出来的，不是录屏。 工具叫 HyperFrames，HeyGen 开源的。思路就一句：浏览器把你的 HTML 渲染成画面，FFmpeg 再逐帧录成 MP4。每一秒、每个字什么时候出现，都是确定的，能复现、能 git 管理。 它天生给 AI agent 设计的。给 Codex 或 Claude 一句话需求，它自己写 HTML、预览、渲染出片，全程不用碰剪辑软件。 跟 Sora、可灵那种不一样——那些 prompt 进去是随机视频，每次都不同；HyperFrames 是白盒，每一帧都是你代码定的。 对程序员几乎零学习成本：CSS 动画、flexbox、keyframes 你早就会了，平移过来就是做视频。 我的判断：做视频正从剪辑师的活，变成写代码的活。会前端的人，已经攥着做视频的杠杆了。 你站哪边？评论区聊。 #HyperFrames #AI视频 #HTML #AI编程 #VibeCoding,tikhub:douyin_keyword_search,AI敲代码
douyin,如何让codex给你剪辑视频？ 以前做一条口播视频，剪口误、加字幕、做动效，至少1-2小时。现在我只用4个工具：Codex + video-use + Hyperframe + Remotion，全程用大白话指挥AI，15分钟出片。 不会代码没关系，会打字就行。#AI剪辑 #Codex #Hyperframe #视频制作 #AI工具推荐,https://www.iesdouyin.com/share/video/7655331958993538358/?region=US&mid=7655332011732716342&u_code=0&did=MS4wLjABAAAAJKTjDk_DKs51_VIp16qjCZOe3fsVvyV_inbD0q1WP-wQ5_w1mhEpQwNcSjrvH_yl&iid=MS4wLjABAAAA41q4H8lsjKnHfraWRFanpvWnFJMEqvKeoiivEfEsL27LUc11Y9lTVL4vmcqwdoUm&with_sec_did=1&video_share_track_ver=&titleType=title&share_sign=QKJ.WRgjfktvdSynX0BPnnOsY0jL_zxsptxUa20rXts-&share_version=320900&ts=1782807141&from_aid=615883&from_ssr=1&share_track_info=%7B%22link_description_type%22%3A%22%22%7D,https://p26-sign.douyinpic.com/tos-cn-i-dy/ea8c744e84af457493fc2b7ec54db444~noop.webp?biz_tag=aweme_video&card_type=153&column_n=0&from=327834062_large&l=202606301612192E3C4FB8B6B6F329F9A2&lk3s=138a59ce&s=PackSourceEnum_SEARCH_SIN&sc=cover&se=false&x-expires=1784016000&x-signature=oFWDbu5FJrEzPIWjmFd1512hvNc%3D,伊娜AI实战笔记,2026-06-26,1301,59,,350,8962.0,2240.5,工具测评,内容/创作,Codex,开发者、设计/创作者、零基础用户,几小时上线、不会代码,,弱,,,dev_productivity,开发提效/编程技巧,课程/内容,Codex,快速原型,开发者、设计/创作者、零基础用户,0.78,keyword=Codex; 如何让codex给你剪辑视频？ 以前做一条口播视频，剪口误、加字幕、做动效，至少1-2小时。现在我只用4个工具：Codex + video-use + Hyperframe + Remotion，全程用大白话指挥AI，15分钟出片。 不会代码没关系，会打字就行。#AI剪辑 #Codex #Hyperframe #视频制作 #AI工具推荐,tikhub:douyin_keyword_search,Codex
douyin,让你的codex封神的两个必装插件 #codex #新手教学 #柳爷不迷糊,https://www.iesdouyin.com/share/video/7653327830620572969/?region=US&mid=7653327812883303174&u_code=0&did=MS4wLjABAAAAJKTjDk_DKs51_VIp16qjCZOe3fsVvyV_inbD0q1WP-wQ5_w1mhEpQwNcSjrvH_yl&iid=MS4wLjABAAAA41q4H8lsjKnHfraWRFanpvWnFJMEqvKeoiivEfEsL27LUc11Y9lTVL4vmcqwdoUm&with_sec_did=1&video_share_track_ver=&titleType=title&share_sign=T6K6C7jjeX0zZ710stPXW70n5nH3uXFpCT8WqZpmRwc-&share_version=320900&ts=1782807141&from_aid=615883&from_ssr=1&share_track_info=%7B%22link_description_type%22%3A%22%22%7D,https://p3-sign.douyinpic.com/tos-cn-i-dy/cfe4cdf5af884e438c0ea5ba488103db~noop.webp?biz_tag=aweme_video&card_type=153&column_n=0&from=327834062_large&l=202606301612192E3C4FB8B6B6F329F9A2&lk3s=138a59ce&s=PackSourceEnum_SEARCH_SIN&sc=cover&se=false&x-expires=1784016000&x-signature=g9b4VENSOr%2FUzrsnHBP88U9s%2FLM%3D,柳爷不迷糊,2026-06-20,18496,689,,2825,95595.0,9559.5,工具测评,插件,Codex,,,,弱,,,dev_productivity,开发提效/编程技巧,,Codex,,,0.95,keyword=Codex; 让你的codex封神的两个必装插件 #codex #新手教学 #柳爷不迷糊,tikhub:douyin_keyword_search,Codex
douyin,官方教程！Codex控制电脑帮你干活的三种方式 Computer Use，Chrome 扩展，内置浏览器，哪种最适合你？ #开发者工具 #ChatGPT #Codex #AI #Agent,https://www.iesdouyin.com/share/video/7652377602829119921/?region=US&mid=7652377549300927295&u_code=0&did=MS4wLjABAAAAGcjqSKkIPc7ouXC915qiLpsM-TrbxCWV3wxt17c2gCg&iid=MS4wLjABAAAAX0rFRRisynwrqewc8Bwb9olgeO8BE5Y68XtCtEnNIoE&with_sec_did=1&video_share_track_ver=&titleType=title&share_sign=M54RvpgC_wpwkdIrBH7BoGmQV9vMPTu3pbSEBOQyJXM-&share_version=320900&ts=1782807146&from_aid=615883&from_ssr=1&share_track_info=%7B%22link_description_type%22%3A%22%22%7D,https://p11-sign.douyinpic.com/tos-cn-i-0813c000-ce/oMEyIAEAetFGAGB12iATfF4HJp3AwiAweuVOEA~noop.webp?biz_tag=aweme_video&card_type=153&column_n=0&from=327834062_large&l=202606301612250CF1F97131AD646321A9&lk3s=138a59ce&s=PackSourceEnum_SEARCH_SIN&sc=cover&se=false&x-expires=1784016000&x-signature=Zs%2BRj7xx8l9MQG8W9HJi44CBOGQ%3D,万德福的小世界,2026-06-17,14258,223,,2185,67692.0,5207.08,真案例,AI agent、创意实验/好玩项目,Codex,开发者,,可复刻,强,,,dev_productivity,开发提效/编程技巧,AI Agent/工作流、课程/内容,Codex,学习入门,开发者,0.57,keyword=OpenAI Codex; 官方教程！Codex控制电脑帮你干活的三种方式 Computer Use，Chrome 扩展，内置浏览器，哪种最适合你？ #开发者工具 #ChatGPT #Codex #AI #Agent,tikhub:douyin_keyword_search,OpenAI Codex
douyin,如何使用第三方模型驱动Codex 无需OpenAI账号 #openai #gpt #deepseek #glm #codex,https://www.iesdouyin.com/share/video/7656439735560228123/?region=US&mid=7656439755848141631&u_code=0&did=MS4wLjABAAAAGcjqSKkIPc7ouXC915qiLpsM-TrbxCWV3wxt17c2gCg&iid=MS4wLjABAAAAX0rFRRisynwrqewc8Bwb9olgeO8BE5Y68XtCtEnNIoE&with_sec_did=1&video_share_track_ver=&titleType=title&share_sign=IEYixv9HaSODoy7RfI01.ktZacB9fBgeaDGs.tN7V2g-&share_version=320900&ts=1782807146&from_aid=615883&from_ssr=1&share_track_info=%7B%22link_description_type%22%3A%22%22%7D,https://p5-ex-gddgtc-sign.douyinpic.com/tos-cn-i-dy/272dabd7439f462997f102b1551c3af8~noop.webp?biz_tag=aweme_video&card_type=153&column_n=0&from=327834062_large&l=202606301612250CF1F97131AD646321A9&lk3s=138a59ce&s=PackSourceEnum_SEARCH_SIN&sc=cover&se=false&x-expires=1784016000&x-signature=%2BpTnFJbMe3JbNy%2BrELu9Rg7DlZM%3D,马克的技术工作坊,2026-06-28,1173,54,,154,6428.0,3214.0,教程,运营工具,Codex、DeepSeek,运营/营销,,,中,,,dev_productivity,开发提效/编程技巧,,Codex、DeepSeek,获客/增长,运营/营销,0.62,keyword=OpenAI Codex; 如何使用第三方模型驱动Codex 无需OpenAI账号 #openai #gpt #deepseek #glm #codex,tikhub:douyin_keyword_search,OpenAI Codex
douyin,#热门抖音视频推荐 #ai开发工具 OpenAI Codex：会动手写代码的AI工程师，程序员效率翻倍神器！ 解放双手，让生活更美好！,https://www.iesdouyin.com/share/note/7655914890389196133/?region=US&mid=7655518923810474790&u_code=0&did=MS4wLjABAAAAGcjqSKkIPc7ouXC915qiLpsM-TrbxCWV3wxt17c2gCg&iid=MS4wLjABAAAAX0rFRRisynwrqewc8Bwb9olgeO8BE5Y68XtCtEnNIoE&with_sec_did=1&video_share_track_ver=&titleType=title&schema_type=37&share_sign=sR0.yCQk1dwfzMmqJfDVIhSjhWcLK.s0jq1GflodEM0-&share_version=320900&ts=1782807146&from_aid=615883&from_ssr=1&share_track_info=%7B%22link_description_type%22%3A%22%22%7D,https://p5-sign.douyinpic.com/tos-cn-i-0813c000-ce/oYQ29VQffBqcA3MwKA8oXfAcAuI9dAJlTofoRD~noop.webp?biz_tag=aweme_images&card_type=303&column_n=0&from=327834062_large&l=202606301612250CF1F97131AD646321A9&lk3s=138a59ce&s=PackSourceEnum_SEARCH_SIN&sc=cover&se=false&x-expires=1784016000&x-signature=BErwmogvi8E213c51ja9Bz1EXL4%3D,Miranda,2026-06-27,13,0,,0,13.0,4.33,工具测评,内容/创作、运营工具,Codex,开发者、设计/创作者,效率提升,,弱,,,dev_productivity,开发提效/编程技巧,课程/内容,Codex,工作提效,开发者、设计/创作者,0.78,keyword=OpenAI Codex; #热门抖音视频推荐 #ai开发工具 OpenAI Codex：会动手写代码的AI工程师，程序员效率翻倍神器！ 解放双手，让生活更美好！,tikhub:douyin_keyword_search,OpenAI Codex
douyin,"Gemini CLI 正式停服了。Google 在 I/O 上说的6月18日，眨眼就到。 回想起来，这工具曾经是国内开发者的""白月光""——你折腾反代配了一下午，跑通第一条命令的那一刻，真的有一种奇妙的满足感。Gemini 2.5 Pro 的编码能力在当时确实能打，加上开源、免费、CLI 轻量，谁能不爱呢？ 结果 6,000 个社区 PR，说废就废。换了个闭源的 Antigravity CLI，功能还没对齐。终究是错付了。 昔日荣光，只剩怀念。 #GeminiCLI #Google #AI编程 #开源 #白月光",https://www.iesdouyin.com/share/note/7654081682584598377/?region=US&mid=7543280943918827536&u_code=0&did=MS4wLjABAAAAt-p4zZEKllP2xTKE1_DrzOEWblz3c_TtD3ylaXdJnViEJccjdcEWCvxkPMomJNnX&iid=MS4wLjABAAAAZLXPjjqf6Hm9NRo-TfN5n8cSZpRuQ5N2pC_ZXAOEZsu8t0yxoKvX5t8SUGo1RkhV&with_sec_did=1&video_share_track_ver=&titleType=title&schema_type=37&share_sign=PpwWY6ae6SsJ.m4O41rk8YlcUqFReR4lINmKcvohyPU-&share_version=320900&ts=1782807152&from_aid=615883&from_ssr=1&share_track_info=%7B%22link_description_type%22%3A%22%22%7D,https://p3-sign.douyinpic.com/tos-cn-i-0813/ocEpACQcfWDAfBYAQUQMyh84gAf6AUbQBEjPA7~noop.webp?biz_tag=aweme_images&card_type=303&column_n=0&from=327834062_large&l=20260630161231EA8DACC0A3BF92F18E24&lk3s=138a59ce&s=PackSourceEnum_SEARCH_SIN&sc=cover&se=false&x-expires=1784016000&x-signature=WAcoaV8mEhi1%2FxaNAkjkWmd2rEw%3D,P叔,2026-06-22,0,4,,1,31.0,3.88,真案例,,Gemini、Gemini CLI,开发者,免费工具,有结果,中,,,dev_productivity,开发提效/编程技巧,,Gemini、Gemini CLI,,开发者,0.7,"keyword=Gemini CLI; Gemini CLI 正式停服了。Google 在 I/O 上说的6月18日，眨眼就到。 回想起来，这工具曾经是国内开发者的""白月光""——你折腾反代配了一下午，跑通第一条命令的那一刻，真的有一种奇妙的满足感。Gemini 2.5 Pro 的编码能力在当时确实能打，加上开源、免费、CLI 轻量，谁能不爱呢？ 结果 6,000 个社区 PR，说废就废。换了个闭源的 Antigravity CLI，功能还没对齐。终究是错付了。 昔日荣光，只剩怀念。 #GeminiCLI #Google #AI编程 #开源 #白月光",tikhub:douyin_keyword_search,Gemini CLI
douyin,现阶段哪款最好用？客观分享✨。想问问大家实操下来的体验——哪款AI智能体最好用？ 欢迎客观评价～目前深度体验TRAE中 #AI智能体 #扣子Coze #Trae #workbuddy #qoder,https://www.iesdouyin.com/share/note/7656117156601939562/?region=US&mid=7655541730045217582&u_code=0&did=MS4wLjABAAAA4AiNJCoMxqyN8Y1iihVzn4T4Wns2gShAbV8BpepLTDi1FPpuBAYBUGb4NZdGduod&iid=MS4wLjABAAAAzvNlkFOnGZWxfDIX7LMHNV-8-oC6IH4V9adCKsxVw7_ZdyudWV2BiSFeq2hBoeOa&with_sec_did=1&video_share_track_ver=&titleType=title&schema_type=37&share_sign=VJYW_AUYGNuJ6KCjYWkZe.ILaAwZ1I411ka8lECSsfU-&share_version=320900&ts=1782807175&from_aid=615883&from_ssr=1&share_track_info=%7B%22link_description_type%22%3A%22%22%7D,https://p3-sign.douyinpic.com/tos-cn-i-0813c001/o4MfAQHPAQLfThQ3Y8teHeyEJm7QfATRArAAWR~noop.webp?biz_tag=aweme_images&card_type=303&column_n=0&from=327834062_large&l=20260630161254CB978443295AF700F8C1&lk3s=138a59ce&s=PackSourceEnum_SEARCH_SIN&sc=cover&se=false&x-expires=1784016000&x-signature=Dx%2F9qT7JQlfpNjKDWh8Kl40y9HA%3D,CloseAI,2026-06-28,175,76,,12,939.0,469.5,工具测评,AI agent,Coze、Trae,,,,弱,,,dev_productivity,开发提效/编程技巧,AI Agent/工作流,Coze、Trae,,,0.62,keyword=Trae; 现阶段哪款最好用？客观分享✨。想问问大家实操下来的体验——哪款AI智能体最好用？ 欢迎客观评价～目前深度体验TRAE中 #AI智能体 #扣子Coze #Trae #workbuddy #qoder,tikhub:douyin_keyword_search,Trae
douyin,belt和bolt的发音怎么区分？ 分不清的小伙伴快点学起来！#英语发音,https://www.iesdouyin.com/share/video/7656633959169658112/?region=US&mid=7656633889955416851&u_code=0&did=MS4wLjABAAAAda-mot58UGbnOML-P4ylHLyRIdGMZX_5evJCa2rj_ZXhEri4_HxZgx4GPTNUVR-h&iid=MS4wLjABAAAAOSC8t0XBeQrmc38o48pgNEslKFjklXOcZrAsl55h8lXFXP4gWFYhoyewhTjZkbBk&with_sec_did=1&video_share_track_ver=&titleType=title&share_sign=3igoSvEDLPjaceLdzVGHgzpFZuFJjpvIFRivGrSicMU-&share_version=320900&ts=1782807189&from_aid=615883&from_ssr=1&share_track_info=%7B%22link_description_type%22%3A%22%22%7D,https://p3-sign.douyinpic.com/tos-cn-i-dy/e2231db6ed014d5caaa8d9b770ad7af2~noop.webp?biz_tag=aweme_video&card_type=153&column_n=0&from=327834062_large&l=20260630161308A9CF73247FA1D7494E89&lk3s=138a59ce&s=PackSourceEnum_SEARCH_SIN&sc=cover&se=false&x-expires=1784016000&x-signature=X5OivGD5DYbn9vlyM1%2BnSfoWlII%3D,卡卡教育咨询,2026-06-29,13,2,,0,23.0,23.0,教程,求职/学习工具,Bolt,,,,中,,,content_marketing,内容和营销创作,,Bolt,,,0.45,keyword=Bolt; belt和bolt的发音怎么区分？ 分不清的小伙伴快点学起来！#英语发音,tikhub:douyin_keyword_search,Bolt
douyin,#家长必读知识分享 #宝妈育儿学习 #育儿学习经验分享 #英语启蒙避坑指南 #幼儿园,https://www.iesdouyin.com/share/video/7653804546895948224/?region=US&mid=7557028177803167778&u_code=0&did=MS4wLjABAAAAFerNLGxvHNk1FK2U4PZquhfefRCs6XXt0DUCVBxDnXo7X2DQtI8P8VZROkTVu13-&iid=MS4wLjABAAAAhUs_GpSdmcZbQOIo3urNmqJBAAJ1tFkapVtxmzVjH24-5gCCSSdoDsbUH-BfIrl-&with_sec_did=1&video_share_track_ver=&titleType=title&share_sign=ZnKCzzLiSh1bqC6npHKc_ktvR5c9aYebXUn7zBwvxTA-&share_version=320900&ts=1782807193&from_aid=615883&from_ssr=1&share_track_info=%7B%22link_description_type%22%3A%22%22%7D,https://p11-sign.douyinpic.com/tos-cn-p-0015/owYEAxSqEfqADmNBK38DfAq9Z6AFBh8gUyWqIg~noop.webp?biz_tag=aweme_video&card_type=153&column_n=0&from=327834062_large&l=20260630161312B56BC2E350402B15A767&lk3s=138a59ce&s=PackSourceEnum_SEARCH_SIN&sc=cover&se=false&x-expires=1784016000&x-signature=PzTC9lOb%2FPxsZMuuhmENAOAjcRY%3D,佳佳想吃果冻,2026-06-21,27,0,,0,81.0,9.0,失败复盘,求职/学习工具,Bolt,,失败复盘、完整流程,可复刻,中,,,content_marketing,内容和营销创作,,Bolt,,,0.45,keyword=Bolt.new; #家长必读知识分享 #宝妈育儿学习 #育儿学习经验分享 #英语启蒙避坑指南 #幼儿园,tikhub:douyin_keyword_search,Bolt.new
douyin,#商家降本增效#Dify智能体搭建 #物流自动化,https://www.iesdouyin.com/share/video/7656371852319337913/?region=US&mid=7656371793027975971&u_code=0&did=MS4wLjABAAAAmh0iIaTiO2Qorl8NL5reHd7ghXUDyYpRLNytR3i4gAeARQewsvaGZ13Eoj_03BCA&iid=MS4wLjABAAAARE0ZLt3FBKzmP3gTxS3GRo6darAdThqwaJEX7el_6dDwEv2epO0De8af26-GjpH1&with_sec_did=1&video_share_track_ver=&titleType=title&share_sign=kS7gBcCTs7Zy.kWYWc00Y1k47xmEmQLt6hdFLuQHFcE-&share_version=320900&ts=1782807211&from_aid=615883&from_ssr=1&share_track_info=%7B%22link_description_type%22%3A%22%22%7D,https://p5-ex-gddgtc-sign.douyinpic.com/tos-cn-p-0015c000-ce/oAGEAkAieepf9KpY5wAHGITIEA71d3BgdgaEiC~noop.webp?biz_tag=aweme_video&card_type=153&column_n=0&from=327834062_large&l=202606301613306B8BEADE553C073942B3&lk3s=138a59ce&s=PackSourceEnum_SEARCH_SIN&sc=cover&se=false&x-expires=1784016000&x-signature=cvNJE1%2FXUh6YcX76udPzfSnwaWE%3D,Dify&Coze 实战君,2026-06-28,0,0,,0,0.0,0.0,真案例,AI agent、自动化流程,Coze、Dify,,效率提升,有结果,强,,,workflow_automation,工作流和运营自动化,AI Agent/工作流,Coze、Dify,工作提效,,0.95,keyword=Dify; #商家降本增效#Dify智能体搭建 #物流自动化,tikhub:douyin_keyword_search,Dify
douyin,Dify的三个好处 Dify 实战带视频 我一个只会用办公软件的小白，只是怎么学会用Dify的，分享我的学习过程。 #Dify #AI #人工智能 #智能体开发 #计算机,https://www.iesdouyin.com/share/video/7653355085963005238/?region=US&mid=7653355046494620457&u_code=0&did=MS4wLjABAAAAmh0iIaTiO2Qorl8NL5reHd7ghXUDyYpRLNytR3i4gAeARQewsvaGZ13Eoj_03BCA&iid=MS4wLjABAAAARE0ZLt3FBKzmP3gTxS3GRo6darAdThqwaJEX7el_6dDwEv2epO0De8af26-GjpH1&with_sec_did=1&video_share_track_ver=&titleType=title&share_sign=ZT2lxGiNbJplcNnLWTszjKGFROy0o6GjEyWOFrp3O_8-&share_version=320900&ts=1782807211&from_aid=615883&from_ssr=1&share_track_info=%7B%22link_description_type%22%3A%22%22%7D,https://p26-sign.douyinpic.com/tos-cn-i-dy/0bae4e025fe349aebfc5747d95c0cbf8~noop.webp?biz_tag=aweme_video&card_type=153&column_n=0&from=327834062_large&l=202606301613306B8BEADE553C073942B3&lk3s=138a59ce&s=PackSourceEnum_SEARCH_SIN&sc=cover&se=false&x-expires=1784016000&x-signature=ZdX46E%2BRYOnXvjZh7vaoNZ4ZXOo%3D,秋客,2026-06-20,4,1,,0,18.0,1.8,教程,AI agent、App/软件、内容/创作、求职/学习工具,Dify,设计/创作者、零基础用户,不会代码,,中,,,product_build,做产品/工具,AI Agent/工作流、App/软件、课程/内容,Dify,,设计/创作者、零基础用户,0.7,keyword=Dify; Dify的三个好处 Dify 实战带视频 我一个只会用办公软件的小白，只是怎么学会用Dify的，分享我的学习过程。 #Dify #AI #人工智能 #智能体开发 #计算机,tikhub:douyin_keyword_search,Dify
douyin,Dify智能体完整搭建流程｜从0到1实现自动化工作流 #大模型学习 #Dify #智能体 #工作流 #大模型,https://www.iesdouyin.com/share/video/7654506374893800730/?region=US&mid=7654506385136290614&u_code=0&did=MS4wLjABAAAAmh0iIaTiO2Qorl8NL5reHd7ghXUDyYpRLNytR3i4gAeARQewsvaGZ13Eoj_03BCA&iid=MS4wLjABAAAARE0ZLt3FBKzmP3gTxS3GRo6darAdThqwaJEX7el_6dDwEv2epO0De8af26-GjpH1&with_sec_did=1&video_share_track_ver=&titleType=title&share_sign=Jgp5xPj_R6W3iTVubjBEHWzQxnzvW0ul3yLaDbSsGpk-&share_version=320900&ts=1782807211&from_aid=615883&from_ssr=1&share_track_info=%7B%22link_description_type%22%3A%22%22%7D,https://p11-sign.douyinpic.com/tos-cn-i-dy/687b73d4fdcc4eb782ccd8517a0f0d47~noop.webp?biz_tag=aweme_video&card_type=153&column_n=0&from=327834062_large&l=202606301613306B8BEADE553C073942B3&lk3s=138a59ce&s=PackSourceEnum_SEARCH_SIN&sc=cover&se=false&x-expires=1784016000&x-signature=HOORurd4B7Ik%2BbOpGdTLUMTvPgQ%3D,AI大模型,2026-06-23,100,1,,10,455.0,65.0,教程,自动化流程、AI agent、求职/学习工具,Dify,,完整流程、效率提升,可复刻,中,,,workflow_automation,工作流和运营自动化,AI Agent/工作流,Dify,工作提效、快速原型,,0.75,keyword=Dify; Dify智能体完整搭建流程｜从0到1实现自动化工作流 #大模型学习 #Dify #智能体 #工作流 #大模型,tikhub:douyin_keyword_search,Dify
douyin,28、插件配置 #ai #coze工作流,https://www.iesdouyin.com/share/video/7655507848603962634/?region=US&mid=7655507901340535571&u_code=0&did=MS4wLjABAAAAmh0iIaTiO2Qorl8NL5reHd7ghXUDyYpRLNytR3i4gAeARQewsvaGZ13Eoj_03BCA&iid=MS4wLjABAAAARE0ZLt3FBKzmP3gTxS3GRo6darAdThqwaJEX7el_6dDwEv2epO0De8af26-GjpH1&with_sec_did=1&video_share_track_ver=&titleType=title&share_sign=b2AvfN_e9vxgYzyZpj69ON_BHyJlisaSPds2G35NA3I-&share_version=320900&ts=1782807215&from_aid=615883&from_ssr=1&share_track_info=%7B%22link_description_type%22%3A%22%22%7D,https://p26-sign.douyinpic.com/tos-cn-i-dy/cf6a3b252dec40c29f8aba10649685d8~noop.webp?biz_tag=aweme_video&card_type=153&column_n=0&from=327834062_large&l=202606301613340CE999A50135B03B3D07&lk3s=138a59ce&s=PackSourceEnum_SEARCH_SIN&sc=cover&se=false&x-expires=1784016000&x-signature=YiQYQjSd7jWpztCNNBRi1DqBA6E%3D,corz扣子教学,2026-06-26,1,0,,0,10.0,2.5,工具测评,插件、自动化流程,Coze,,效率提升,可复刻,弱,,,workflow_automation,工作流和运营自动化,AI Agent/工作流,Coze,工作提效,,0.95,keyword=Coze; 28、插件配置 #ai #coze工作流,tikhub:douyin_keyword_search,Coze
douyin,超级漫画制作它来了！ coze工作流一键生成，带完整剧情，多角色人物一致，系列漫画制作，可完整发布短视频 #coze #coze工作流 #coze教学 #coze教程 #科技下一站,https://www.iesdouyin.com/share/video/7652996574775102762/?region=US&mid=7652997481065286419&u_code=0&did=MS4wLjABAAAAmh0iIaTiO2Qorl8NL5reHd7ghXUDyYpRLNytR3i4gAeARQewsvaGZ13Eoj_03BCA&iid=MS4wLjABAAAARE0ZLt3FBKzmP3gTxS3GRo6darAdThqwaJEX7el_6dDwEv2epO0De8af26-GjpH1&with_sec_did=1&video_share_track_ver=&titleType=title&share_sign=jel3JAHxINIah5YYDOdFI1xohgpAClnvRF8odIg30jY-&share_version=320900&ts=1782807215&from_aid=615883&from_ssr=1&share_track_info=%7B%22link_description_type%22%3A%22%22%7D,https://p3-sign.douyinpic.com/tos-cn-i-dy/aab2c1f47d944a81af9ae9911ff594a7~noop.webp?biz_tag=aweme_video&card_type=153&column_n=0&from=327834062_large&l=202606301613340CE999A50135B03B3D07&lk3s=138a59ce&s=PackSourceEnum_SEARCH_SIN&sc=cover&se=false&x-expires=1784016000&x-signature=Sb3j9upHCoKRX0XPo4ZCauRA8%2Bs%3D,阿南 rockmoons,2026-06-19,127,35,,22,814.0,74.0,教程,内容/创作、自动化流程,Coze,设计/创作者,完整流程、效率提升,可复刻,中,,,workflow_automation,工作流和运营自动化,AI Agent/工作流、课程/内容,Coze,学习入门、工作提效,设计/创作者,0.78,keyword=Coze; 超级漫画制作它来了！ coze工作流一键生成，带完整剧情，多角色人物一致，系列漫画制作，可完整发布短视频 #coze #coze工作流 #coze教学 #coze教程 #科技下一站,tikhub:douyin_keyword_search,Coze
douyin,一个人 六个月 8000万美元｜我们怎么复刻他的AI产品思维 这期分享一个经典的vibecoding产品案例，当前绝大多数开发者都会遇到一个问题：“为什么现在我开发能力变强了，做出来的产品却没人使用也无法快速变现？” 希望大家看完这个案例能有所收获，欢迎在评论区发表自己的看法和意见，可以分享自己生活或工作中遇到的问题，抒发自己的所思所想。同时频道也正在收集选题，欢迎提出自己关心的话题，后续可能会单独出视频专门去聊。#vibecoding大赏 #AI认知 #AI知识 #AI #认知提升,https://www.iesdouyin.com/share/video/7654192807061490980/?region=US&mid=7654192844780882738&u_code=0&did=MS4wLjABAAAAcGYiMv-3wgGvSzeWS31_MUgJaV1QXpoMQzqw7U9_JdcFQpBGFv8PH8E011OtLbbD&iid=MS4wLjABAAAAw_pKc85n8NSeCw6GfkZu2hrK0sn8xBCESxNxjceMmYeZw2LTxVsHu9i3o5tH027y&with_sec_did=1&video_share_track_ver=&titleType=title&share_sign=PKW83hUlB7_UWgL1JJtAXkJa74I2WgN2WMdVXLGOKO4-&share_version=320900&ts=1782807224&from_aid=615883&from_ssr=1&share_track_info=%7B%22link_description_type%22%3A%22%22%7D,https://p26-sign.douyinpic.com/tos-cn-i-dy/d4ef5c18305a40eaa8a618c815c77b80~noop.webp?biz_tag=aweme_video&card_type=153&column_n=0&from=327834062_large&l=20260630161343456D17B6506D76FF5BEA&lk3s=138a59ce&s=PackSourceEnum_SEARCH_SIN&sc=cover&se=false&x-expires=1784016000&x-signature=tswrWCGFFZApLush%2B%2BPh%2B40gNJ8%3D,瑾观·AI认知社,2026-06-22,104,1,,11,425.0,53.12,教程,内容/创作,,创业者/独立开发者、开发者、设计/创作者,变现、平台大赛,有结果、只有噱头、可复刻,中,变现,信息密度低、平台活动内容,monetization_side_project,副业变现/独立项目,课程/内容,,快速原型、赚钱/副业,创业者/独立开发者、开发者、设计/创作者,0.7,keyword=Base44; 一个人 六个月 8000万美元｜我们怎么复刻他的AI产品思维 这期分享一个经典的vibecoding产品案例，当前绝大多数开发者都会遇到一个问题：“为什么现在我开发能力变强了，做出来的产品却没人使用也无法快速变现？” 希望大家看完这个案例能有所收获，欢迎在评论区发表自己的看法和意见，可以分享自己生活或工作中遇到的问题，抒发自己的所思所想。同时频道也正在收集选题，欢迎提出自己关心的话题，后续可能会单独出视频专门去聊。#vibecoding大赏 #AI认知 #AI知识 #AI #认知提升,tikhub:douyin_keyword_search,Base44
douyin,一个人用AI创业 6个月卖了8000万美元 1人零融资不写代码，靠AI做软件狂赚8千万美金！现在创业不再拼技术，而是拼谁更懂业务需求。你的日常经验也能用AI做成赚钱工具，你最想用AI解决哪个小麻烦？#AI创业 #商业思维 #零代码 #个人IP #秦刚,https://www.iesdouyin.com/share/video/7651489239632186675/?region=US&mid=7651489334394227494&u_code=0&did=MS4wLjABAAAAcGYiMv-3wgGvSzeWS31_MUgJaV1QXpoMQzqw7U9_JdcFQpBGFv8PH8E011OtLbbD&iid=MS4wLjABAAAAw_pKc85n8NSeCw6GfkZu2hrK0sn8xBCESxNxjceMmYeZw2LTxVsHu9i3o5tH027y&with_sec_did=1&video_share_track_ver=&titleType=title&share_sign=mpUU4sz1aPwOj.alNVR43MG8TYilc1QTye61hLAQIak-&share_version=320900&ts=1782807224&from_aid=615883&from_ssr=1&share_track_info=%7B%22link_description_type%22%3A%22%22%7D,https://p3-sign.douyinpic.com/tos-cn-i-dy/103c73e00eab43adab598e2f2c3c1aa3~noop.webp?biz_tag=aweme_video&card_type=153&column_n=0&from=327834062_large&l=20260630161343456D17B6506D76FF5BEA&lk3s=138a59ce&s=PackSourceEnum_SEARCH_SIN&sc=cover&se=false&x-expires=1784016000&x-signature=auTScsY19L0TuZabHh9hLHjaJNc%3D,秦刚创业访谈,2026-06-19,40,2,,13,259.0,23.55,真案例,App/软件,,创业者/独立开发者、开发者,不会代码、变现,有结果,强,赚,疑似商业推广,monetization_side_project,副业变现/独立项目,App/软件,,赚钱/副业,创业者/独立开发者、开发者,0.65,keyword=Base44; 一个人用AI创业 6个月卖了8000万美元 1人零融资不写代码，靠AI做软件狂赚8千万美金！现在创业不再拼技术，而是拼谁更懂业务需求。你的日常经验也能用AI做成赚钱工具，你最想用AI解决哪个小麻烦？#AI创业 #商业思维 #零代码 #个人IP #秦刚,tikhub:douyin_keyword_search,Base44
douyin,创始人logan接受MCG采访关于NOCK的介绍 在当前的去中心化 AI（DeAI）和主权计算技术栈中，**Nock** 扮演着一个极其特殊且底层的核心角色。 一、 什么是 Nock？ 在技术本质上，**Nock 是一种极简的、确定性的计算规范（可以理解为一种最底层的虚拟机指令集或汇编语言）**。 它最初由去中心化操作系统 **Urbit** 提出（仅用 47 行代码就定义了通用计算的标准），后来被引入到去中心化算力网络 **Nockchain** 中，作为其虚拟机（NockVM / NockApp 容器）的底层基础。 二、 Nock 的核心技术特征 12 个万年不变的操作码（Opcodes）**： 与以太坊 EVM 等拥有数百个复杂指令的虚拟机不同，Nock 的完整规范仅包含 **12 个最基础的数学原语操作码**。这种极端的简化，赋予了它万年不需要升级的“固态（Solid-state）”稳定性。 绝对的确定性与可验证性（Deterministic & Verifiable）**： 在 Nock 虚拟机中，相同的输入必定产生完全相同的输出，没有任何未定义行为。系统可以用单一的数据结构捕捉其全部状态，这使得对它的计算结果进行审计和对账变得天生的 ZK（零知识证明）友好性**：因为操作码极少且逻辑高度纯粹，当需要把复杂的计算过程（例如 AI 矩阵乘法、隐私数据推理）翻译成零知识证明（ZKP）的数学多项式电路时，Nock 能够将密码学开销降到极低，从而非常高效地生成“有用工作量证明（PoUW）”。 三、 Nock 与 Nockchain 怎么用它？ 在目前的加密算力战争中，Nock 的主要用途是作为 **去中心化 AI 算力的“无情清算机器”**： 1. **黑盒容器隔离**：开发者将复杂的 AI 模型（如大语言模型、密码学哈希函数）封装在基于 NockVM 的安全容器（NockApp）中。 2. **算力去伪存真**：当全球的异构显卡（GPU）提交计算结果时，Nock 负责在底层用纯数学规则对其进行低成本、高确定性的 ZK 验证。 3. **经济结算**：通过验证的算力，最终直接接入代币 $NOCK 的合规金融账本完成激励清算，从而防止去中心化矿工在提供 AI 服务时进行“跑假模型、错误量化”等欺诈作弊行为。,https://www.iesdouyin.com/share/video/7655691179966598451/?region=US&mid=7655691241253817131&u_code=0&did=MS4wLjABAAAAda-mot58UGbnOML-P4ylHLyRIdGMZX_5evJCa2rj_ZXhEri4_HxZgx4GPTNUVR-h&iid=MS4wLjABAAAAOSC8t0XBeQrmc38o48pgNEslKFjklXOcZrAsl55h8lXFXP4gWFYhoyewhTjZkbBk&with_sec_did=1&video_share_track_ver=&titleType=title&share_sign=j8znTjfl6DEd1dM7iKMFCwPibGuA6bPUt2y4tI1.w74-&share_version=320900&ts=1782807230&from_aid=615883&from_ssr=1&share_track_info=%7B%22link_description_type%22%3A%22%22%7D,https://p11-sign.douyinpic.com/tos-cn-i-dy/a9ade736becf41dab8da347afb9959ec~noop.webp?biz_tag=aweme_video&card_type=153&column_n=0&from=327834062_large&l=202606301613492C1FA1EC4BFFDBD9E351&lk3s=138a59ce&s=PackSourceEnum_SEARCH_SIN&sc=cover&se=false&x-expires=1784016000&x-signature=oUgOKOA8GxBxKlwIGTp1KvmONE0%3D,zatoshi,2026-06-26,2,0,,0,2.0,0.5,失败复盘,App/软件、运营工具,,开发者、运营/营销,完整流程,,中,,,learning_tutorial,教程/课程/方法论,App/软件,,学习入门、获客/增长,开发者、运营/营销,0.65,keyword=Rork; 创始人logan接受MCG采访关于NOCK的介绍 在当前的去中心化 AI（DeAI）和主权计算技术栈中，**Nock** 扮演着一个极其特殊且底层的核心角色。 一、 什么是 Nock？ 在技术本质上，**Nock 是一种极简的、确定性的计算规范（可以理解为一种最底层的虚拟机指令集或汇编语言）**。 它最初由去中心化操作系统 **Urbit** 提出（仅用 47 行代码就定义了通用计算的标准），后来被引入到去中心化算力网络 **Nockchain** 中，作为其虚拟机（NockVM / NockApp 容器）的底层基础。 二、 Nock 的核心技术特征 12 个万年不变的操作码（Opcodes）**： 与以太坊 EVM 等拥有数百个复杂指令的虚拟机不同，Nock 的完整规范仅包含 **12 个最基础的数学原语操作码**。这种极端的简化，赋予了它万年不需要升级的“固态（Solid-state）”稳定性。 绝对的确定性与可验证性（Deterministic & Verifiable）**： 在 Nock 虚拟机中，相同的输入必定产生完全相同的输出，没有任何未定义行为。系统可以用单一的数据结构捕捉其全部状态，这使得对它的计算结果进行审计和对账变得天生的 ZK（零知识证明）友好性**：因为操作码极少且逻辑高度纯粹，当需要把复杂的计算过程（例如 AI 矩阵乘法、隐私数据推理）翻译成零知识证明（ZKP）的数学多项式电路时，Nock 能够将密码学开销降到极低，从而非常高效地生成“有用工作量证明（PoUW）”。 三、 Nock 与 Nockchain 怎么用它？ 在目前的加密算力战争中，Nock 的主要用途是作为 **去中心化 AI 算力的“无情清算机器”**： 1. **黑盒容器隔离**：开发者将复杂的 AI 模型（如大语言模型、密码学哈希函数）封装在基于 NockVM 的安全容器（NockApp）中。 2. **算力去伪存真**：当全球的异构显卡（GPU）提交计算结果时，Nock 负责在底层用纯数学规则对其进行低成本、高确定性的 ZK 验证。 3. **经济结算**：通过验证的算力，最终直接接入代币 $NOCK 的合规金融账本完成激励清算，从而防止去中心化矿工在提供 AI 服务时进行“跑假模型、错误量化”等欺诈作弊行为。,tikhub:douyin_keyword_search,Rork
douyin,🔥告别角色抽卡？如何生成好看的人物角色！ 最近一直在折腾角色设计。原本以为人物长得好看就够了，后来才发现，真正影响观感的反而是一些很小的地方。比如配色会不会太单一、服饰和道具是不是一个风格、不同角度还能不能认出来是同一个角色。 这些细节我前前后后改了不少次，现在再回头看，感觉整个角色也是有自己的特点了。 #AI创作浪潮计划 #人物三视图 #AI视频 #AI #AI工具,https://www.iesdouyin.com/share/video/7656769408055954703/?region=US&mid=7656769447696304905&u_code=0&did=MS4wLjABAAAAWMrtk5zhRdDhvVKXKBavz3UsNUjgwMzuLaIReuBx0K7bSjIojYn15OmSRBMyK-s8&iid=MS4wLjABAAAAd_H86y2Npy3UwEWTl3-mQobOlGEQ-sIPnB2wPjtVWPUGyfHkntla5h6sWgAPWRQm&with_sec_did=1&video_share_track_ver=&titleType=title&share_sign=t4khFW4zPvgwA_pRaS4KS4VpL59Q7cxCJ4yoG_MRDDg-&share_version=320900&ts=1782807234&from_aid=615883&from_ssr=1&share_track_info=%7B%22link_description_type%22%3A%22%22%7D,https://p5-ex-gddgtc-sign.douyinpic.com/tos-cn-i-dy/52e27505c7cf42dab77486930557c106~noop.webp?biz_tag=aweme_video&card_type=153&column_n=0&from=327834062_large&l=202606301613536BC2305C71DC4D06D3A4&lk3s=138a59ce&s=PackSourceEnum_SEARCH_SIN&sc=cover&se=false&x-expires=1784016000&x-signature=3dE%2BLw%2Fz6sItoZD3As%2FtrfkURZM%3D,料到Ai,2026-06-29,1659,401,,225,9877.0,9877.0,教程,内容/创作,,设计/创作者,,,中,,,product_build,做产品/工具,课程/内容,,,设计/创作者,0.95,keyword=AI; 🔥告别角色抽卡？如何生成好看的人物角色！ 最近一直在折腾角色设计。原本以为人物长得好看就够了，后来才发现，真正影响观感的反而是一些很小的地方。比如配色会不会太单一、服饰和道具是不是一个风格、不同角度还能不能认出来是同一个角色。 这些细节我前前后后改了不少次，现在再回头看，感觉整个角色也是有自己的特点了。 #AI创作浪潮计划 #人物三视图 #AI视频 #AI #AI工具,tikhub:douyin_keyword_search,AI
douyin,不用写代码，零基础也能做小程序 #ai零基础学习教程 #小程序 #小程序制作 #上热门 #热点小助手 @抖+小助手,https://www.iesdouyin.com/share/video/7656700589430016995/?region=US&mid=7656700570681543478&u_code=0&did=MS4wLjABAAAA_VODCtnRtbC9U0sLnhjQWUVUJSRDCnTbGZ_Hp3j_l1eFMKXWsbSvPmWvBcVt8zxE&iid=MS4wLjABAAAA6ZvnXlYvSN3MkdgIOF8pf9nDAgFb-xEaisQfwb8AQBGYOypoDHhTL_pnR_qJgZzf&with_sec_did=1&video_share_track_ver=&titleType=title&share_sign=nQ9riEXCS3umND8ExFu0GgKb8_cS8aDXiDnSaFB584Q-&share_version=320900&ts=1782807260&from_aid=615883&from_ssr=1&share_track_info=%7B%22link_description_type%22%3A%22%22%7D,https://p11-sign.douyinpic.com/tos-cn-i-0813c000-ce/oseJCAANhnAs3EIqBQFfECw11E9ACrEr9AD5Ab~noop.webp?biz_tag=aweme_video&card_type=153&column_n=0&from=327834062_large&l=20260630161418505326F210C84E02DC47&lk3s=138a59ce&s=PackSourceEnum_SEARCH_SIN&sc=cover&se=false&x-expires=1784016000&x-signature=5c750Eme9gS%2BjHT7MhG5MlH3X%2Fc%3D,走叔哟,2026-06-29,347,3,,1,406.0,406.0,教程,小程序、求职/学习工具,,开发者、零基础用户,,可复刻,中,,,learning_tutorial,教程/课程/方法论,小程序、课程/内容,,学习入门,开发者、零基础用户,0.7,keyword=做小程序; 不用写代码，零基础也能做小程序 #ai零基础学习教程 #小程序 #小程序制作 #上热门 #热点小助手 @抖+小助手,tikhub:douyin_keyword_search,做小程序
douyin,自制AI辅助插件，送给有缘的设计师🛠️。做了一个决定。 把自用的AI脚本/插件封装了一下，免费分享给真正需要的人。 进群免费送，不引流，不卖货 只是因为这东西针对特定设计场景做了优化。 群是纯聊天群，日常活跃。 想进的，私我留个脚印 （插件支持AI；Windows AI 2024 / 2025 / 2026 / Mac AI 2026）#图形处理软件 #图形处理软件 #图形设计软件 #平面设计师,https://www.iesdouyin.com/share/note/7656285013722415040/?region=US&mid=7647489598070803250&u_code=0&did=MS4wLjABAAAAsJgncT2BGGrNKih9RVuqJc2pf45o5ej7k78p2meMJYtcCnMr7o2ILgQKmM3Dr39d&iid=MS4wLjABAAAAtX5GARjxNI5140PiZZZ-Wj0_me_ks_-F1WGB-TFcaiWRBDW8y-JleoyBpV6f_nUB&with_sec_did=1&video_share_track_ver=&titleType=title&schema_type=37&share_sign=LlFY71SLHz.lYhOTfP1QY3yyleepeiuHE530OOJiDx0-&share_version=320900&ts=1782807279&from_aid=615883&from_ssr=1&share_track_info=%7B%22link_description_type%22%3A%22%22%7D,https://p3-sign.douyinpic.com/tos-cn-i-0813c001/okCG9ADLQCJfZAeaBw1cCF4EAO5FIAqDAQgAPX~noop.webp?biz_tag=aweme_images&card_type=303&column_n=0&from=327834062_large&l=2026063016143712F65503F60187F1DFBC&lk3s=138a59ce&s=PackSourceEnum_SEARCH_SIN&sc=cover&se=false&x-expires=1784016000&x-signature=S50HbH9MheMIi778rPDtWeouOpM%3D,自由设计师-大乔,2026-06-28,43,16,,1,218.0,109.0,真案例,App/软件、插件、自动化流程,,设计/创作者,免费工具,有结果,强,,,product_build,做产品/工具,App/软件,,,设计/创作者,0.78,keyword=做插件; 自制AI辅助插件，送给有缘的设计师🛠️。做了一个决定。 把自用的AI脚本/插件封装了一下，免费分享给真正需要的人。 进群免费送，不引流，不卖货 只是因为这东西针对特定设计场景做了优化。 群是纯聊天群，日常活跃。 想进的，私我留个脚印 （插件支持AI；Windows AI 2024 / 2025 / 2026 / Mac AI 2026）#图形处理软件 #图形处理软件 #图形设计软件 #平面设计师,tikhub:douyin_keyword_search,做插件
douyin,Codex超实用的6大插件+skill手把手教程 分享3个Codex插件和3个skill，效果真的不错 #AI新星计划 #AI工具,https://www.iesdouyin.com/share/video/7656830715329334538/?region=US&mid=7656830740186729222&u_code=0&did=MS4wLjABAAAAsJgncT2BGGrNKih9RVuqJc2pf45o5ej7k78p2meMJYtcCnMr7o2ILgQKmM3Dr39d&iid=MS4wLjABAAAAtX5GARjxNI5140PiZZZ-Wj0_me_ks_-F1WGB-TFcaiWRBDW8y-JleoyBpV6f_nUB&with_sec_did=1&video_share_track_ver=&titleType=title&share_sign=qR8OMaCpaxwBBzjqQzvzh._o2nhw_9Z.p2VbahcHkik-&share_version=320900&ts=1782807279&from_aid=615883&from_ssr=1&share_track_info=%7B%22link_description_type%22%3A%22%22%7D,https://p3-sign.douyinpic.com/tos-cn-i-dy/05d483985e8f4ebdbcd468eb7b63e795~noop.webp?biz_tag=aweme_video&card_type=153&column_n=0&from=327834062_large&l=2026063016143712F65503F60187F1DFBC&lk3s=138a59ce&s=PackSourceEnum_SEARCH_SIN&sc=cover&se=false&x-expires=1784016000&x-signature=elI5GjGjztBZYj4EBlQ88CkKVa4%3D,Xuan酱,2026-06-30,968,21,,127,4717.0,4717.0,教程,插件,Codex,,平台大赛,可复刻,中,,,learning_tutorial,教程/课程/方法论,课程/内容,Codex,学习入门,,0.7,keyword=做插件; Codex超实用的6大插件+skill手把手教程 分享3个Codex插件和3个skill，效果真的不错 #AI新星计划 #AI工具,tikhub:douyin_keyword_search,做插件
douyin,SaaS 已死？AI 大模型正在彻底重构企业软件与跨境经营 从本地部署到云原生 SaaS ，企业软件拥有三大核心价值在于：数据资产沉淀、全链路高效协同、业务降本增效。 AI 大模型真，正在改写软件交互与功能内核。 AI 不再只做数据记录，而是可承接 70%-80% 业务工作；低成本生成数字员工适配多变跨境业务；AI 代码工具大幅拉低软件定制成本，传统标准化 SaaS 估值持续缩水。 #中小企业出海 #跨境电商 #工厂出海 #AI智能体 #EbizAI,https://www.iesdouyin.com/share/video/7655209522994823251/?region=US&mid=7655209394406886184&u_code=0&did=MS4wLjABAAAAefeTUT6Ig5MVRH0VD1BbBo6vUpoLCSh0dTOwe2_mM9UskkDKMAU2J4C3900GLcdE&iid=MS4wLjABAAAAkHJfSmBWkShPeFGhIGsRXy59krLeJFTWSmnPzh7b902G80gFlAayoZtFiNTm9Dr7&with_sec_did=1&video_share_track_ver=&titleType=title&share_sign=JqsOJZCqEZIQ9m4MhgX5Oy9ytarC9Kvae730s0glX6k-&share_version=320900&ts=1782807310&from_aid=615883&from_ssr=1&share_track_info=%7B%22link_description_type%22%3A%22%22%7D,https://p26-sign.douyinpic.com/tos-cn-i-0813/owfv8BAAAACEAfg1mjDoNqIIPEASGx9FMFCAAN~noop.webp?biz_tag=aweme_video&card_type=153&column_n=0&from=327834062_large&l=20260630161508F0A39BEEBB317512CAD7&lk3s=138a59ce&s=PackSourceEnum_SEARCH_SIN&sc=cover&se=false&x-expires=1784016000&x-signature=WS4T9LkwKKMxd%2FFV1TEkdfPuVWU%3D,AI西游,2026-06-25,3,0,,0,9.0,1.8,真案例,SaaS MVP、AI agent、App/软件,,开发者,完整流程,有结果,强,,,product_build,做产品/工具,App/软件、SaaS/后台,,,开发者,0.75,keyword=SaaS MVP; SaaS 已死？AI 大模型正在彻底重构企业软件与跨境经营 从本地部署到云原生 SaaS ，企业软件拥有三大核心价值在于：数据资产沉淀、全链路高效协同、业务降本增效。 AI 大模型真，正在改写软件交互与功能内核。 AI 不再只做数据记录，而是可承接 70%-80% 业务工作；低成本生成数字员工适配多变跨境业务；AI 代码工具大幅拉低软件定制成本，传统标准化 SaaS 估值持续缩水。 #中小企业出海 #跨境电商 #工厂出海 #AI智能体 #EbizAI,tikhub:douyin_keyword_search,SaaS MVP
douyin,搭了个人网站✨。刷到个讲个人博客的视频，突然就想搞个自己的网站！正好端午放假，干脆直接买了服务器和域名开始折腾～ 本来想用codex先搭个静态页（p2就是初稿），结果在小红书和github翻到个框架，功能太全了，比我自己想的设计完善多了，直接‘前人栽树后人乘凉’抄作业哈哈！ 现在就只弄好了首页，其他功能和引用还没个性化，域名备案也在等审批… 对了Codex真的帮大忙！几乎99%的活儿都是它干的，p3是我跟它‘深度交流’的记录～ 最后附一下这个项目：Mizuki 在github能直接搜到，有能力的大佬麻烦点个star呀！ #个人博客 #Mizuki #Codex,https://www.iesdouyin.com/share/note/7653495327837189105/?region=US&mid=7624484374213675060&u_code=0&did=MS4wLjABAAAAnb-5UBSjxSxNwtac-5cAzrB88C7X1QCapITr7D98oEgsnuCrsrxSaoOXD5BRCg0a&iid=MS4wLjABAAAA1ILFydqQS0AWAmyvUmr36ww-m2sftWb7UMltjYjVydodTdMxhiABSy5THdPzuWkT&with_sec_did=1&video_share_track_ver=&titleType=title&schema_type=37&share_sign=_Ur2mrTzCtRYRxGmjWjSVeaVLP4QqAjkNyNcBSMvHtI-&share_version=320900&ts=1782807314&from_aid=615883&from_ssr=1&share_track_info=%7B%22link_description_type%22%3A%22%22%7D,https://p26-sign.douyinpic.com/tos-cn-i-0813c000-ce/oo69A2pEqTEbNAlqA5AI9qMFofAKqPAeEDoEwf~noop.webp?biz_tag=aweme_images&card_type=303&column_n=0&from=327834062_large&l=20260630161513C000C31139D818143DB4&lk3s=138a59ce&s=PackSourceEnum_SEARCH_SIN&sc=cover&se=false&x-expires=1784016000&x-signature=YHVGKFqDdxQUapjN%2BxgGcmsDtb0%3D,庭风雨,2026-06-20,21,4,,1,58.0,5.8,真案例,网站、内容/创作、运营工具,Codex,设计/创作者、开发者、运营/营销,,有结果,强,,,dev_productivity,开发提效/编程技巧,网站、课程/内容,Codex,,设计/创作者、开发者、运营/营销,0.62,keyword=个人网站; 搭了个人网站✨。刷到个讲个人博客的视频，突然就想搞个自己的网站！正好端午放假，干脆直接买了服务器和域名开始折腾～ 本来想用codex先搭个静态页（p2就是初稿），结果在小红书和github翻到个框架，功能太全了，比我自己想的设计完善多了，直接‘前人栽树后人乘凉’抄作业哈哈！ 现在就只弄好了首页，其他功能和引用还没个性化，域名备案也在等审批… 对了Codex真的帮大忙！几乎99%的活儿都是它干的，p3是我跟它‘深度交流’的记录～ 最后附一下这个项目：Mizuki 在github能直接搜到，有能力的大佬麻烦点个star呀！ #个人博客 #Mizuki #Codex,tikhub:douyin_keyword_search,个人网站
douyin,用Codex做AI作品集网站 用Codex做AI作品集网站 你还在用简历或者压缩包展示作品吗？ 很多AI创作者现在已经换了一种方式： 👉 用一个“作品集网站”来展示自己的项目。 这一期，一帆老师教你用 Codex 带你做一个可以快速生成的作品集网站。 不用写代码，也不需要设计基础， 可以直接开发一个可访问的作品展示官网！ #AI作品集网站 #Codex教程 #AIGC #AI影视 #ai新星计划,https://www.iesdouyin.com/share/video/7656433463096841905/?region=US&mid=7656433498982943523&u_code=0&did=MS4wLjABAAAAl5dYeWXnL-o8PUSWZhg7r0K0Mjbey29WSRs8yVK5VtU&iid=MS4wLjABAAAAVEtx9IzxbgLSJmZ4WO24RthNRYg4BtQzm7jvtjmpaVw&with_sec_did=1&video_share_track_ver=&titleType=title&share_sign=N_mT0MUizcoTDmPVcKH2tNofVH9Hh7SV.V68a0uasXY-&share_version=320900&ts=1782807319&from_aid=615883&from_ssr=1&share_track_info=%7B%22link_description_type%22%3A%22%22%7D,https://p3-sign.douyinpic.com/tos-cn-i-0813c000-ce/owEAQnifR12IKUA9qOQqnAF2GAfDDCwEASlUCC~noop.webp?biz_tag=aweme_video&card_type=153&column_n=0&from=327834062_large&l=20260630161518002E84AC7A01CBE91B43&lk3s=138a59ce&s=PackSourceEnum_SEARCH_SIN&sc=cover&se=false&x-expires=1784016000&x-signature=SJd0nKRbUfaNzCxfvpNoMBYtp4k%3D,李一帆,2026-06-28,4730,240,,690,23876.0,11938.0,真案例,网站、创意实验/好玩项目、求职/学习工具,AIGC、Codex,开发者、设计/创作者,平台大赛,可复刻,强,,,dev_productivity,开发提效/编程技巧,网站、课程/内容,AIGC、Codex,学习入门、快速原型,开发者、设计/创作者,0.7,keyword=作品集网站; 用Codex做AI作品集网站 用Codex做AI作品集网站 你还在用简历或者压缩包展示作品吗？ 很多AI创作者现在已经换了一种方式： 👉 用一个“作品集网站”来展示自己的项目。 这一期，一帆老师教你用 Codex 带你做一个可以快速生成的作品集网站。 不用写代码，也不需要设计基础， 可以直接开发一个可访问的作品展示官网！ #AI作品集网站 #Codex教程 #AIGC #AI影视 #ai新星计划,tikhub:douyin_keyword_search,作品集网站
douyin,🤩10 个设计网站拯救你的 AI 审美！ 你用AI是不是经常做出来丑丑的作品？ 那是因为你没有优质的参考！ 今天分享10个设计网站，汇集了各种风格的作品🤩 让你的AI直接去参考，站在巨人的肩膀上 💪 #Vibecoding #Vibecoding大赏 #ai新星计划 #真实生活分享计划 @抖音科技 #AI,https://www.iesdouyin.com/share/video/7654514831457908901/?region=US&mid=7654514796041128747&u_code=0&did=MS4wLjABAAAAl5dYeWXnL-o8PUSWZhg7r0K0Mjbey29WSRs8yVK5VtU&iid=MS4wLjABAAAAVEtx9IzxbgLSJmZ4WO24RthNRYg4BtQzm7jvtjmpaVw&with_sec_did=1&video_share_track_ver=&titleType=title&share_sign=MllSeTyDSsaL5EM4hXdz4BvWI61AbKhVT8dTupsPOz8-&share_version=320900&ts=1782807319&from_aid=615883&from_ssr=1&share_track_info=%7B%22link_description_type%22%3A%22%22%7D,https://p11-sign.douyinpic.com/tos-cn-i-0813c000-ce/ogo7fADO4TAEQF9bqeZD0AeAwEp6EKOIAAokE8~noop.webp?biz_tag=aweme_video&card_type=153&column_n=0&from=327834062_large&l=20260630161518002E84AC7A01CBE91B43&lk3s=138a59ce&s=PackSourceEnum_SEARCH_SIN&sc=cover&se=false&x-expires=1784016000&x-signature=RD7ApU1VUUbDZi9IghYLwJhJ4Us%3D,海明Dev,2026-06-23,4139,42,,813,29066.0,4152.29,真案例,网站、创意实验/好玩项目、运营工具,,设计/创作者,平台大赛,有结果,强,,平台活动内容,product_build,做产品/工具,网站,,,设计/创作者,0.95,keyword=作品集网站; 🤩10 个设计网站拯救你的 AI 审美！ 你用AI是不是经常做出来丑丑的作品？ 那是因为你没有优质的参考！ 今天分享10个设计网站，汇集了各种风格的作品🤩 让你的AI直接去参考，站在巨人的肩膀上 💪 #Vibecoding #Vibecoding大赏 #ai新星计划 #真实生活分享计划 @抖音科技 #AI,tikhub:douyin_keyword_search,作品集网站
douyin,Codex开发网站零基础实战教学，以及如何部署网站上线！ 普通人也能低成本试错，简单几轮对话，说明想法和需求，10分钟就做出了我的宠物网站！全程没手动写一行代码！流程我也整理成了 Skill。 #Codex #网站设计 #AI建站 #抖音前沿科技首发计划 #AI新星计划,https://www.iesdouyin.com/share/video/7653503773642634661/?region=US&mid=7653504005473061641&u_code=0&did=MS4wLjABAAAAsJgncT2BGGrNKih9RVuqJc2pf45o5ej7k78p2meMJYtcCnMr7o2ILgQKmM3Dr39d&iid=MS4wLjABAAAAtX5GARjxNI5140PiZZZ-Wj0_me_ks_-F1WGB-TFcaiWRBDW8y-JleoyBpV6f_nUB&with_sec_did=1&video_share_track_ver=&titleType=title&share_sign=Km4Odnqcdo2CopLb3lIOwea9a0.S15fWhV03lH2E.B8-&share_version=320900&ts=1782807345&from_aid=615883&from_ssr=1&share_track_info=%7B%22link_description_type%22%3A%22%22%7D,https://p26-sign.douyinpic.com/tos-cn-i-0813c000-ce/oQNNDfyuAEmnI2svXAqwFC42EU9rAAPGAE6AeU~noop.webp?biz_tag=aweme_video&card_type=153&column_n=0&from=327834062_large&l=202606301615445542450AA233770593FF&lk3s=138a59ce&s=PackSourceEnum_SEARCH_SIN&sc=cover&se=false&x-expires=1784016000&x-signature=X3TgRdZ5s%2F2Drv1afx6N3e8n3x4%3D,知雪,2026-06-20,631,49,,88,2969.0,296.9,真案例,网站、自动化流程、运营工具、创意实验/好玩项目,Codex,零基础用户、开发者、设计/创作者,不会代码、完整流程、几小时上线、平台大赛,有结果,强,,,dev_productivity,开发提效/编程技巧,网站,Codex,学习入门,零基础用户、开发者、设计/创作者,0.65,keyword=小白做网站; Codex开发网站零基础实战教学，以及如何部署网站上线！ 普通人也能低成本试错，简单几轮对话，说明想法和需求，10分钟就做出了我的宠物网站！全程没手动写一行代码！流程我也整理成了 Skill。 #Codex #网站设计 #AI建站 #抖音前沿科技首发计划 #AI新星计划,tikhub:douyin_keyword_search,小白做网站
douyin,一分钟get导演级的AI视频三步工作流 用色卡统一视频影调，用 3D 模型控制人物站位，镜头角度，AI 终于变得更可控了。色卡提示词来自@心流 大佬的分享。 #ai视频 #导演台 #ai教程 #aigc #AI创作浪潮计划,https://www.iesdouyin.com/share/video/7656404572399772898/?region=US&mid=7656404532361612042&u_code=0&did=MS4wLjABAAAA1LlfGjRnvtVwlINRnHYiqcA-Eu1y0ca_quU0eG1HUlUznnm23Tv06JvsWfynEerE&iid=MS4wLjABAAAAHZMCG_3ySG8G29bCdZbHHMxjRxZ3jtg4H0-izlBAdCzAGWdfU2vc99iDhwxg5ie-&with_sec_did=1&video_share_track_ver=&titleType=title&share_sign=9vxW0QRsUfv.sARR30yTHOsQUmbWT2Z6NMN4z6RtOg8-&share_version=320900&ts=1782807355&from_aid=615883&from_ssr=1&share_track_info=%7B%22link_description_type%22%3A%22%22%7D,https://p3-sign.douyinpic.com/tos-cn-i-0813c001/oEDPmiBPiEDI2BkI1Agyjg8AAFaBAr090EAYA~noop.webp?biz_tag=aweme_video&card_type=153&column_n=0&from=327834062_large&l=20260630161554684C499DF9226E314925&lk3s=138a59ce&s=PackSourceEnum_SEARCH_SIN&sc=cover&se=false&x-expires=1784016000&x-signature=%2BwYDA2o1rkdv1QSSsQf26ES2Nx8%3D,喵笔三花,2026-06-28,1651,103,,304,8558.0,4279.0,教程,3D建模/渲染、内容/创作、自动化流程、设计系统/视觉,AIGC,设计/创作者,几小时上线、效率提升,可复刻,中,,,learning_tutorial,教程/课程/方法论,课程/内容、3D建模/渲染、AI Agent/工作流,AIGC,学习入门、工作提效、表达创意,设计/创作者,0.75,keyword=工作流; 一分钟get导演级的AI视频三步工作流 用色卡统一视频影调，用 3D 模型控制人物站位，镜头角度，AI 终于变得更可控了。色卡提示词来自@心流 大佬的分享。 #ai视频 #导演台 #ai教程 #aigc #AI创作浪潮计划,tikhub:douyin_keyword_search,工作流
douyin,用AI做电商详情页，这套工作流直接抄！以前做一套电商详情页，需要： 产品拍摄、策划卖点、找参考、PS合成、排版…… 现在借助AI，可以把整个流程标准化。 最近我整理了一套AI电商产品视觉工作流，以这款阿尔卑斯天然泉水为例，把整个流程拆成教程，新手也能直接照着做。 第一步：产品拍摄（素材采集） 很多人一开始就直接让AI生图，这是最大的误区。 想让AI保持产品一致性，首先要准备完整素材。 图片越完整，AI识别越准确，后面生成的产品一致性越高。 第二步：AI识别产品信息 把拍好的图片上传给AI，让它自动提取： ✔ 品牌名称 ✔ 产品名称 ✔ 产品规格 ✔ 包装颜色 ✔ 产品类型 ✔ Logo信息 ✔ 包装结构 ✔ 产品卖点 最后整理成一份结构化资料。 这一步做好，后面所有Prompt都可以直接调用。 第三步：建立品牌视觉定位 不要急着出图。 先让AI确定品牌调性。 例如这款矿泉水，我设定的是： * 高端天然饮用水 * 冰川蓝+纯白配色 * 极简留白 * 商业广告摄影 * 清透水质感 * 自然治愈风格 所有页面都围绕这一套视觉语言展开。 第四步：拆解产品卖点 不要把所有卖点堆在一张图。 正确的方法是一页只讲一个重点。 例如： ① 阿尔卑斯源头活水 ② 天然矿物质 ③ 低矿化弱碱 ④ 纯净冰川水源 ⑤ 锁鲜瓶身 ⑥ 品质保障 这样详情页逻辑更清晰，用户阅读体验也更好。 第五步：规划详情页结构 最后，根据卖点规划详情页顺序。 例如： ① 品牌主视觉 ② 源头活水 ③ 天然矿物质 ④ 低矿化弱碱 ⑤ 冰川水源 ⑥ 瓶身工艺 ⑦ 地质过滤 ⑧ 使用场景 ⑨ 品质保障 再根据每一页生成对应的AI提示词，就能快速完成一整套高质量详情页。 这是我目前做AI电商视觉最稳定的一套流程。 后面我会继续更新： 📌 第6步：如何写出高质量Prompt（万能模板） 📌 第7步：如何保持产品100%一致，不跑图、不改Logo 📌 第8步：如何统一9屏详情页风格 📌 第9步：AI生成后如何快速排版交付 建议先收藏关注，后面会持续更新其他教程～ #AI电商 #AI设计 #电商详情页 #设计教程 #AI工作流,https://www.iesdouyin.com/share/note/7655988645057248113/?region=US&mid=7652349160825621257&u_code=0&did=MS4wLjABAAAA1LlfGjRnvtVwlINRnHYiqcA-Eu1y0ca_quU0eG1HUlUznnm23Tv06JvsWfynEerE&iid=MS4wLjABAAAAHZMCG_3ySG8G29bCdZbHHMxjRxZ3jtg4H0-izlBAdCzAGWdfU2vc99iDhwxg5ie-&with_sec_did=1&video_share_track_ver=&titleType=title&schema_type=37&share_sign=9Q7GS8lP5ed584kCPrHNorUwB204LKbN6WDJnGBwDF8-&share_version=320900&ts=1782807355&from_aid=615883&from_ssr=1&share_track_info=%7B%22link_description_type%22%3A%22%22%7D,https://p11-sign.douyinpic.com/tos-cn-i-0813c000-ce/oQnDSABAEBlAQGFwq6MA7i4fnhs9CuAPfIE4iL~noop.webp?biz_tag=aweme_images&card_type=303&column_n=0&from=327834062_large&l=20260630161554684C499DF9226E314925&lk3s=138a59ce&s=PackSourceEnum_SEARCH_SIN&sc=cover&se=false&x-expires=1784016000&x-signature=gLmEpnlWXUtC0NOByNH6ENLBnXU%3D,柚子爱吃鱼,2026-06-27,570,26,,113,3224.0,1074.67,工具测评,自动化流程、内容/创作,,设计/创作者、创业者/独立开发者,免费工具、完整流程、效率提升,可复刻、有结果,弱,用户,疑似商业推广,learning_tutorial,教程/课程/方法论,课程/内容、AI Agent/工作流,,学习入门、工作提效、快速原型、获客/增长,设计/创作者、创业者/独立开发者,0.66,keyword=工作流; 用AI做电商详情页，这套工作流直接抄！以前做一套电商详情页，需要： 产品拍摄、策划卖点、找参考、PS合成、排版…… 现在借助AI，可以把整个流程标准化。 最近我整理了一套AI电商产品视觉工作流，以这款阿尔卑斯天然泉水为例，把整个流程拆成教程，新手也能直接照着做。 第一步：产品拍摄（素材采集） 很多人一开始就直接让AI生图，这是最大的误区。 想让AI保持产品一致性，首先要准备完整素材。 图片越完整，AI识别越准确，后面生成的产品一致性越高。 第二步：AI识别产品信息 把拍好的图片上传给AI，让它自动提取： ✔ 品牌名称 ✔ 产品名称 ✔ 产品规格 ✔ 包装颜色 ✔ 产品类型 ✔ Logo信息 ✔ 包装结构 ✔ 产品卖点 最后整理成一份结构化资料。 这一步做好，后面所有Prompt都可以直接调用。 第三步：建立品牌视觉定位 不要急着出图。 先让AI确定品牌调性。 例如这款矿泉水，我设定的是： * 高端天然饮用水 * 冰川蓝+纯白配色 * 极简留白 * 商业广告摄影 * 清透水质感 * 自然治愈风格 所有页面都围绕这一套视觉语言展开。 第四步：拆解产品卖点 不要把所有卖点堆在一张图。 正确的方法是一页只讲一个重点。 例如： ① 阿尔卑斯源头活水 ② 天然矿物质 ③ 低矿化弱碱 ④ 纯净冰川水源 ⑤ 锁鲜瓶身 ⑥ 品质保障 这样详情页逻辑更清晰，用户阅读体验也更好。 第五步：规划详情页结构 最后，根据卖点规划详情页顺序。 例如： ① 品牌主视觉 ② 源头活水 ③ 天然矿物质 ④ 低矿化弱碱 ⑤ 冰川水源 ⑥ 瓶身工艺 ⑦ 地质过滤 ⑧ 使用场景 ⑨ 品质保障 再根据每一页生成对应的AI提示词，就能快速完成一整套高质量详情页。 这是我目前做AI电商视觉最稳定的一套流程。 后面我会继续更新： 📌 第6步：如何写出高质量Prompt（万能模板） 📌 第7步：如何保持产品100%一致，不跑图、不改Logo 📌 第8步：如何统一9屏详情页风格 📌 第9步：AI生成后如何快速排版交付 建议先收藏关注，后面会持续更新其他教程～ #AI电商 #AI设计 #电商详情页 #设计教程 #AI工作流,tikhub:douyin_keyword_search,工作流
douyin,comfyui最强生成动画工作流来了！。#comfyui #comfyui教程 #comfui工作流 #AI视频 #AI动画,https://www.iesdouyin.com/share/note/7654163793827761442/?region=US&mid=7640131682246462254&u_code=0&did=MS4wLjABAAAA1LlfGjRnvtVwlINRnHYiqcA-Eu1y0ca_quU0eG1HUlUznnm23Tv06JvsWfynEerE&iid=MS4wLjABAAAAHZMCG_3ySG8G29bCdZbHHMxjRxZ3jtg4H0-izlBAdCzAGWdfU2vc99iDhwxg5ie-&with_sec_did=1&video_share_track_ver=&titleType=title&schema_type=37&share_sign=UMoHvcuZKu0k59VP7_13OJqlDzQelNQRkf.DfS6VVYo-&share_version=320900&ts=1782807355&from_aid=615883&from_ssr=1&share_track_info=%7B%22link_description_type%22%3A%22%22%7D,https://p26-sign.douyinpic.com/tos-cn-i-dy/6f958003b96b4160b1a98c0f7a83615f~noop.webp?biz_tag=aweme_images&card_type=303&column_n=0&from=327834062_large&l=20260630161554684C499DF9226E314925&lk3s=138a59ce&s=PackSourceEnum_SEARCH_SIN&sc=cover&se=false&x-expires=1784016000&x-signature=Xq83slDn7KZSDQhLm7BVkDfIuIY%3D,玩转comfyui,2026-06-22,63,1,,3,254.0,31.75,教程,内容/创作、自动化流程、设计系统/视觉,ComfyUI,设计/创作者,效率提升,可复刻,中,,,creative_game_visual,创意可视化/小游戏,课程/内容、AI Agent/工作流、小游戏/互动,ComfyUI,学习入门、工作提效、表达创意,设计/创作者,0.62,keyword=工作流; comfyui最强生成动画工作流来了！。#comfyui #comfyui教程 #comfui工作流 #AI视频 #AI动画,tikhub:douyin_keyword_search,工作流
douyin,动作迁移，做出高质量服装带货视频，coze工作流教学 #coze工作流 #动作迁移 #服装带货 #服装电商 #AI电商,https://www.iesdouyin.com/share/video/7651883207259933962/?region=US&mid=7651883330975517466&u_code=0&did=MS4wLjABAAAA1LlfGjRnvtVwlINRnHYiqcA-Eu1y0ca_quU0eG1HUlUznnm23Tv06JvsWfynEerE&iid=MS4wLjABAAAAHZMCG_3ySG8G29bCdZbHHMxjRxZ3jtg4H0-izlBAdCzAGWdfU2vc99iDhwxg5ie-&with_sec_did=1&video_share_track_ver=&titleType=title&share_sign=QUmOXMgRx_tvhgyfJ7GNoy64_XXvsekSqjItLGBwGHk-&share_version=320900&ts=1782807355&from_aid=615883&from_ssr=1&share_track_info=%7B%22link_description_type%22%3A%22%22%7D,https://p3-sign.douyinpic.com/tos-cn-i-dy/206ea8d67d0f46a1bd3d87e5afa15a2f~noop.webp?biz_tag=aweme_video&card_type=153&column_n=0&from=327834062_large&l=20260630161554684C499DF9226E314925&lk3s=138a59ce&s=PackSourceEnum_SEARCH_SIN&sc=cover&se=false&x-expires=1784016000&x-signature=nk1nJQdNjYOG5EXdRW%2F3dfas8H4%3D,小马哥Ai伴学,2026-06-16,130,30,,19,720.0,51.43,教程,内容/创作、自动化流程,Coze,设计/创作者,效率提升,可复刻,中,,,workflow_automation,工作流和运营自动化,AI Agent/工作流、课程/内容,Coze,工作提效,设计/创作者,0.95,keyword=工作流; 动作迁移，做出高质量服装带货视频，coze工作流教学 #coze工作流 #动作迁移 #服装带货 #服装电商 #AI电商,tikhub:douyin_keyword_search,工作流
douyin,AI一键生成数据看板，快速搞定半天工作量 #AI工具 #办公技巧 #办公软件 #干货 #excel操作技巧,https://www.iesdouyin.com/share/video/7652258867463736616/?region=US&mid=7652258813533244166&u_code=0&did=MS4wLjABAAAAda-mot58UGbnOML-P4ylHLyRIdGMZX_5evJCa2rj_ZXhEri4_HxZgx4GPTNUVR-h&iid=MS4wLjABAAAAOSC8t0XBeQrmc38o48pgNEslKFjklXOcZrAsl55h8lXFXP4gWFYhoyewhTjZkbBk&with_sec_did=1&video_share_track_ver=&titleType=title&share_sign=KUWgNliqhgKJ2R5vQavW6BWYDDW1wunSdEIwGI2pVZE-&share_version=320900&ts=1782807373&from_aid=615883&from_ssr=1&share_track_info=%7B%22link_description_type%22%3A%22%22%7D,https://p3-sign.douyinpic.com/tos-cn-i-dy/74e81fbc721642ce9b4ebb1849203a0c~noop.webp?biz_tag=aweme_video&card_type=153&column_n=0&from=327834062_large&l=202606301616124985641610854DDF67AA&lk3s=138a59ce&s=PackSourceEnum_SEARCH_SIN&sc=cover&se=false&x-expires=1784016000&x-signature=Z855UR%2Fr4oGbTDxMRhgcab4HhSE%3D,明朝灰鲸Excel AI,2026-06-17,27,0,,2,97.0,7.46,真案例,数据看板、App/软件,,,几小时上线,有结果,强,,,product_build,做产品/工具,App/软件,,快速原型,,0.78,keyword=数据看板; AI一键生成数据看板，快速搞定半天工作量 #AI工具 #办公技巧 #办公软件 #干货 #excel操作技巧,tikhub:douyin_keyword_search,数据看板
douyin,用新工作流做个实验，2小时制作真人古偶短剧 掌握工作流后真的蛮简单的，很神奇的是用这个工作流，每个视频最多抽2次卡，基本都1次过，所以这条做出来真的很便宜，如果想效果再好一点，可以再精细化的补一些片段，不过既然是实验，就勇于接受里面的不足。 #AI #AI短剧 #AI创作浪潮计划 #古风 #甜宠,https://www.iesdouyin.com/share/video/7652001192565935370/?region=US&mid=7652001236287556371&u_code=0&did=MS4wLjABAAAAl5dYeWXnL-o8PUSWZhg7r0K0Mjbey29WSRs8yVK5VtU&iid=MS4wLjABAAAAVEtx9IzxbgLSJmZ4WO24RthNRYg4BtQzm7jvtjmpaVw&with_sec_did=1&video_share_track_ver=&titleType=title&share_sign=ScT.dDK9mLN_kKgpHXpe3S3l0rr26Pq2ObK_3UT9WBQ-&share_version=320900&ts=1782807390&from_aid=615883&from_ssr=1&share_track_info=%7B%22link_description_type%22%3A%22%22%7D,https://p3-sign.douyinpic.com/tos-cn-i-dy/1360f0ecc9404b65974781a07f41932f~noop.webp?biz_tag=aweme_video&card_type=153&column_n=0&from=327834062_large&l=202606301616299EF0C086A8E9AC254005&lk3s=138a59ce&s=PackSourceEnum_SEARCH_SIN&sc=cover&se=false&x-expires=1784016000&x-signature=81xwmV5tK5XOUPkB4QqHbq91q10%3D,YIQI玩AI,2026-06-16,729,25,,60,2468.0,176.29,真案例,内容/创作、创意实验/好玩项目、自动化流程、运营工具,,设计/创作者,几小时上线、效率提升,可复刻,强,,,workflow_automation,工作流和运营自动化,AI Agent/工作流、课程/内容,,工作提效、快速原型,设计/创作者,0.95,keyword=抖音工作流; 用新工作流做个实验，2小时制作真人古偶短剧 掌握工作流后真的蛮简单的，很神奇的是用这个工作流，每个视频最多抽2次卡，基本都1次过，所以这条做出来真的很便宜，如果想效果再好一点，可以再精细化的补一些片段，不过既然是实验，就勇于接受里面的不足。 #AI #AI短剧 #AI创作浪潮计划 #古风 #甜宠,tikhub:douyin_keyword_search,抖音工作流
douyin,3分钟搭一个agent自动化工作流丨豆包「办公任务」模式实测 #ai新星计划 #豆包ai#豆包电脑端#ai,https://www.iesdouyin.com/share/video/7655544314675744035/?region=US&mid=7655544260858743595&u_code=0&did=MS4wLjABAAAA9cGoXCGnKoXMcCUgMsb13lMgtFbeHlEi3UfpolvJBJc&iid=MS4wLjABAAAABiEDSOnfWFe09wFZzRLpMFxGVH4iYvfFvQ-7usUiPV4&with_sec_did=1&video_share_track_ver=&titleType=title&share_sign=Wf2w6Z4VqsvZR4fZl9wtJjEf.ZYV6QnWMTQfF86mdfQ-&share_version=320900&ts=1782807395&from_aid=615883&from_ssr=1&share_track_info=%7B%22link_description_type%22%3A%22%22%7D,https://p26-sign.douyinpic.com/tos-cn-i-dy/ff7ac3965b984360b52d611f9cb4fbee~noop.webp?biz_tag=aweme_video&card_type=153&column_n=0&from=327834062_large&l=20260630161634A9E98C157D530592C68F&lk3s=138a59ce&s=PackSourceEnum_SEARCH_SIN&sc=cover&se=false&x-expires=1784016000&x-signature=cprbkehLtDVGR4eptSFA%2Bj7SrwM%3D,Lala罐头,2026-06-26,143,14,,29,730.0,182.5,教程,自动化流程、AI agent,豆包,,效率提升、几小时上线、平台大赛,可复刻,中,,,workflow_automation,工作流和运营自动化,AI Agent/工作流,豆包,工作提效,,0.95,keyword=agent 工作流; 3分钟搭一个agent自动化工作流丨豆包「办公任务」模式实测 #ai新星计划 #豆包ai#豆包电脑端#ai,tikhub:douyin_keyword_search,agent 工作流
douyin,第6集丨30 分钟搭好你的第一个工作流 Agent #AI #Agent #一人公司 #创业日记 第一个工作流的搭建，入门第一步！,https://www.iesdouyin.com/share/video/7657011547377552692/?region=US&mid=7657011523516254985&u_code=0&did=MS4wLjABAAAA9cGoXCGnKoXMcCUgMsb13lMgtFbeHlEi3UfpolvJBJc&iid=MS4wLjABAAAABiEDSOnfWFe09wFZzRLpMFxGVH4iYvfFvQ-7usUiPV4&with_sec_did=1&video_share_track_ver=&titleType=title&share_sign=zZ1_C6zvqAWIkkAqaqx0.KTAGjI24IWRKs3xbk7wE9Q-&share_version=320900&ts=1782807395&from_aid=615883&from_ssr=1&share_track_info=%7B%22link_description_type%22%3A%22%22%7D,https://p3-sign.douyinpic.com/tos-cn-i-dy/e190b735df174132823efe6cbb40699e~noop.webp?biz_tag=aweme_video&card_type=153&column_n=0&from=327834062_large&l=20260630161634A9E98C157D530592C68F&lk3s=138a59ce&s=PackSourceEnum_SEARCH_SIN&sc=cover&se=false&x-expires=1784016000&x-signature=AyJ1rHJzS6n95DUI0J%2BxqXrBF2E%3D,孤独树（OPC老郝）,2026-06-30,4,0,,0,13.0,13.0,教程,AI agent、自动化流程,,创业者/独立开发者,几小时上线、效率提升,可复刻,中,,,monetization_side_project,副业变现/独立项目,AI Agent/工作流,,学习入门、工作提效,创业者/独立开发者,0.65,keyword=agent 工作流; 第6集丨30 分钟搭好你的第一个工作流 Agent #AI #Agent #一人公司 #创业日记 第一个工作流的搭建，入门第一步！,tikhub:douyin_keyword_search,agent 工作流
douyin,3 分钟保姆级教程，用Codex、飞书CLI加画板，搭建的一套“可视化电商”的全自动工作流#飞书CLI #Codex #可视化电商 #飞书画板 #飞书,https://www.iesdouyin.com/share/video/7652678310605917482/?region=US&mid=7652678429908978458&u_code=0&did=MS4wLjABAAAA9cGoXCGnKoXMcCUgMsb13lMgtFbeHlEi3UfpolvJBJc&iid=MS4wLjABAAAABiEDSOnfWFe09wFZzRLpMFxGVH4iYvfFvQ-7usUiPV4&with_sec_did=1&video_share_track_ver=&titleType=title&share_sign=TkFIAxERgFYteaLC4M.tF00K9VobMrBf2NnnmlcijhM-&share_version=320900&ts=1782807395&from_aid=615883&from_ssr=1&share_track_info=%7B%22link_description_type%22%3A%22%22%7D,https://p26-sign.douyinpic.com/tos-cn-i-dy/29864d6c1c6d40d28ec9ba1ef0423e9b~noop.webp?biz_tag=aweme_video&card_type=153&column_n=0&from=327834062_large&l=20260630161634A9E98C157D530592C68F&lk3s=138a59ce&s=PackSourceEnum_SEARCH_SIN&sc=cover&se=false&x-expires=1784016000&x-signature=kyq2POUttIl5B4iE4DAX2WHqn6s%3D,徐老师AI,2026-06-18,20099,496,,1970,60932.0,5077.67,真案例,AI agent、自动化流程、创意实验/好玩项目,Codex,,几小时上线、效率提升,可复刻,强,,,workflow_automation,工作流和运营自动化,AI Agent/工作流、可视化、课程/内容,Codex,学习入门、工作提效,,0.65,keyword=agent 工作流; 3 分钟保姆级教程，用Codex、飞书CLI加画板，搭建的一套“可视化电商”的全自动工作流#飞书CLI #Codex #可视化电商 #飞书画板 #飞书,tikhub:douyin_keyword_search,agent 工作流
douyin,搭建新版豆包AI智能体，可以生成图片和视频的智能体！ #搭建豆包智能体#ai智能体#豆包#数字人 #AIAgent,https://www.iesdouyin.com/share/video/7652831719980010758/?region=US&mid=7652831642398034739&u_code=0&did=MS4wLjABAAAA4AiNJCoMxqyN8Y1iihVzn4T4Wns2gShAbV8BpepLTDi1FPpuBAYBUGb4NZdGduod&iid=MS4wLjABAAAAzvNlkFOnGZWxfDIX7LMHNV-8-oC6IH4V9adCKsxVw7_ZdyudWV2BiSFeq2hBoeOa&with_sec_did=1&video_share_track_ver=&titleType=title&share_sign=gPilCgLlaGuTvGa0k.KihdlmAHQsLQ0M_Wgb55AntMc-&share_version=320900&ts=1782807400&from_aid=615883&from_ssr=1&share_track_info=%7B%22link_description_type%22%3A%22%22%7D,https://p26-sign.douyinpic.com/tos-cn-i-dy/f1c0d11610f74c01bfbba61a07549793~noop.webp?biz_tag=aweme_video&card_type=153&column_n=0&from=327834062_large&l=202606301616391B19708282C0F00CA7D2&lk3s=138a59ce&s=PackSourceEnum_SEARCH_SIN&sc=cover&se=false&x-expires=1784016000&x-signature=7dNGxCwbSZt4ujJynaNK4vTLzUw%3D,Dou Bao Agent博士,2026-06-19,933,86,,209,6128.0,557.09,真案例,AI agent、内容/创作、设计系统/视觉,豆包,设计/创作者,,有结果,强,,,workflow_automation,工作流和运营自动化,AI Agent/工作流、课程/内容,豆包,,设计/创作者,0.95,keyword=AI Agent; 搭建新版豆包AI智能体，可以生成图片和视频的智能体！ #搭建豆包智能体#ai智能体#豆包#数字人 #AIAgent,tikhub:douyin_keyword_search,AI Agent
douyin,Agent新方向：操作系统层级AI助手教程 操作系统层级Agent Marvis来了，6个AI牛马帮你在日常工作中全面提效，带给大家地毯级小白教学 #marvis #马维斯 #ai助手 #marvis教程 #拉斐尔2077,https://www.iesdouyin.com/share/video/7655301777134648211/?region=US&mid=7655301773942393619&u_code=0&did=MS4wLjABAAAA4AiNJCoMxqyN8Y1iihVzn4T4Wns2gShAbV8BpepLTDi1FPpuBAYBUGb4NZdGduod&iid=MS4wLjABAAAAzvNlkFOnGZWxfDIX7LMHNV-8-oC6IH4V9adCKsxVw7_ZdyudWV2BiSFeq2hBoeOa&with_sec_did=1&video_share_track_ver=&titleType=title&share_sign=v0BCrvjvPyCD7.YbuVnVoJH0oUZFjXukONdbbal2oOY-&share_version=320900&ts=1782807400&from_aid=615883&from_ssr=1&share_track_info=%7B%22link_description_type%22%3A%22%22%7D,https://p26-sign.douyinpic.com/tos-cn-i-dy/c38f6c14d7cb4bed80fa0e7d3f5865ab~noop.webp?biz_tag=aweme_video&card_type=153&column_n=0&from=327834062_large&l=202606301616391B19708282C0F00CA7D2&lk3s=138a59ce&s=PackSourceEnum_SEARCH_SIN&sc=cover&se=false&x-expires=1784016000&x-signature=iaRDQ%2Fhq6bt8D%2Bx2zgu8Ur0tlDE%3D,拉斐尔2077,2026-06-26,30008,132,,2626,82348.0,20587.0,教程,AI agent,,零基础用户,不会代码、效率提升,可复刻,中,,,workflow_automation,工作流和运营自动化,AI Agent/工作流、课程/内容,,学习入门、工作提效,零基础用户,0.78,keyword=AI Agent; Agent新方向：操作系统层级AI助手教程 操作系统层级Agent Marvis来了，6个AI牛马帮你在日常工作中全面提效，带给大家地毯级小白教学 #marvis #马维斯 #ai助手 #marvis教程 #拉斐尔2077,tikhub:douyin_keyword_search,AI Agent
douyin,继续解锁新技能 多agent协同开发 这不就是一人团队么 思路来源 @珍妮丁丁说AI 直接落成skill #codex #vibecoding @珍妮丁丁说AI,https://www.iesdouyin.com/share/video/7652895252261494779/?region=US&mid=7652895179380181806&u_code=0&did=MS4wLjABAAAAda-mot58UGbnOML-P4ylHLyRIdGMZX_5evJCa2rj_ZXhEri4_HxZgx4GPTNUVR-h&iid=MS4wLjABAAAAOSC8t0XBeQrmc38o48pgNEslKFjklXOcZrAsl55h8lXFXP4gWFYhoyewhTjZkbBk&with_sec_did=1&video_share_track_ver=&titleType=title&share_sign=ARBzmjHTiPREcgf5Qt35WoF0gsh_y5TFNjbRaLDS1D0-&share_version=320900&ts=1782807411&from_aid=615883&from_ssr=1&share_track_info=%7B%22link_description_type%22%3A%22%22%7D,https://p3-sign.douyinpic.com/tos-cn-i-0813c000-ce/oENqfpuQAAAlA96SwIFuNFnDvfSLY1IEEACBpQ~noop.webp?biz_tag=aweme_video&card_type=153&column_n=0&from=327834062_large&l=202606301616507471FB514C3E6BDB89CB&lk3s=138a59ce&s=PackSourceEnum_SEARCH_SIN&sc=cover&se=false&x-expires=1784016000&x-signature=LbeX5ReFoqWC%2FXNWWq4Va2bS8hE%3D,爱吃饼的中年大白,2026-06-19,1005,216,,139,5111.0,464.64,真案例,AI agent、创意实验/好玩项目,Codex,,,有结果,强,,,learning_tutorial,教程/课程/方法论,AI Agent/工作流,Codex,,,0.7,keyword=多Agent; 继续解锁新技能 多agent协同开发 这不就是一人团队么 思路来源 @珍妮丁丁说AI 直接落成skill #codex #vibecoding @珍妮丁丁说AI,tikhub:douyin_keyword_search,多Agent
douyin,🔥3分钟搞定！让 AI 在 Photoshop 里替你干活 继上期 Windows 版 Photoshop MCP 教程之后，Mac 用户的福音来了！ 本视频手把手教你在 Mac 上安装 photoshop-mcp，让 AI 直接在 Photoshop 里帮你做图修图。 🎯 你将学到： MCP 是什么？它能干嘛？ Mac 上怎么装？（一条命令搞定） 支持的 AI 提供商：Claude / OpenAI / Gemini / DeepSeek ... 支持平台：Windows ✅ macOS ✅ 有问题评论区见～ #AI修图 #AI #AI编程 #vibe氛围 #程序员日常,https://www.iesdouyin.com/share/video/7653844097932807462/?region=US&mid=7653844185803524905&u_code=0&did=MS4wLjABAAAA2MWw8ZSKjTFtOK2ga_6hFChS-FfNOeMSczhATJBGHQlLlpoRPWpDuZ-JrwbqXLAx&iid=MS4wLjABAAAA75nR8SzALyWEwZ9tUApOvOLjlmdmG8qBVS0S4_9e8SANCli92CXxIEDwI0ewrwPJ&with_sec_did=1&video_share_track_ver=&titleType=title&share_sign=CvAgrke431Ip8vgwIxwXlV9YPnk_xecUby8XHtpRP4Y-&share_version=320900&ts=1782807416&from_aid=615883&from_ssr=1&share_track_info=%7B%22link_description_type%22%3A%22%22%7D,https://p26-sign.douyinpic.com/tos-cn-i-dy/c71f703d5ef743b1a93c68e1bff73d1c~noop.webp?biz_tag=aweme_video&card_type=153&column_n=0&from=327834062_large&l=202606301616550594D8846C252EF6844C&lk3s=138a59ce&s=PackSourceEnum_SEARCH_SIN&sc=cover&se=false&x-expires=1784016000&x-signature=cMk37vQ0GiJ%2F45JikgxCLaUqpFY%3D,骑着小黑码,2026-06-22,426,18,,124,2561.0,320.12,工具测评,内容/创作,Claude、DeepSeek、Gemini,开发者、设计/创作者,几小时上线,可复刻、有结果,弱,用户,,dev_productivity,开发提效/编程技巧,课程/内容、AI Agent/工作流,Claude、DeepSeek、Gemini,学习入门,开发者、设计/创作者,0.62,keyword=MCP; 🔥3分钟搞定！让 AI 在 Photoshop 里替你干活 继上期 Windows 版 Photoshop MCP 教程之后，Mac 用户的福音来了！ 本视频手把手教你在 Mac 上安装 photoshop-mcp，让 AI 直接在 Photoshop 里帮你做图修图。 🎯 你将学到： MCP 是什么？它能干嘛？ Mac 上怎么装？（一条命令搞定） 支持的 AI 提供商：Claude / OpenAI / Gemini / DeepSeek ... 支持平台：Windows ✅ macOS ✅ 有问题评论区见～ #AI修图 #AI #AI编程 #vibe氛围 #程序员日常,tikhub:douyin_keyword_search,MCP
douyin,Loop Engineering是什么。AI 行业又冒出一个新词：Loop Engineering。 我的反应😭 真学不过来😅 又来一个新概念？Agent、工作流、提示词工程都还没完全搞懂呢。 #LoopEngineering #AI提示词 #AI工具 #系统思维 #AI工作流,https://www.iesdouyin.com/share/note/7652655721481276712/?region=US&mid=0&u_code=0&did=MS4wLjABAAAADplXP_CSDf2Q63G2g_2eBbI9Bvs64WwaTf3Leyjg-ns&iid=MS4wLjABAAAAUZ9KTAanOx1OXbk5AEMnJBoidUGQqg6zdw75UqERDsE&with_sec_did=1&video_share_track_ver=&titleType=title&schema_type=37&share_sign=I5.9L7D3F2FEyUSdZM2.67_J0Bma139EtPLluis10XI-&share_version=320900&ts=1782807421&from_aid=615883&from_ssr=1&share_track_info=%7B%22link_description_type%22%3A%22%22%7D,https://p26-sign.douyinpic.com/tos-cn-i-dy/037a93c693b94740be0ea88661076982~noop.webp?biz_tag=aweme_images&card_type=303&column_n=0&from=327834062_large&l=2026063016170070DBC62BE07F512580C4&lk3s=138a59ce&s=PackSourceEnum_SEARCH_SIN&sc=cover&se=false&x-expires=1784016000&x-signature=KOWFlPsVS5sR4uUeRY1NJ9OJuCI%3D,IV先生,2026-06-18,53,2,,11,340.0,28.33,教程,AI agent、自动化流程,,,效率提升,可复刻,中,,,workflow_automation,工作流和运营自动化,AI Agent/工作流,,工作提效,,0.7,keyword=Loop Engineering; Loop Engineering是什么。AI 行业又冒出一个新词：Loop Engineering。 我的反应😭 真学不过来😅 又来一个新概念？Agent、工作流、提示词工程都还没完全搞懂呢。 #LoopEngineering #AI提示词 #AI工具 #系统思维 #AI工作流,tikhub:douyin_keyword_search,Loop Engineering
douyin,"AI 写 PRD 不靠谱 这 143 行管住它 让 AI 写需求文档（PRD），它张口就""系统要 fast，UI 要 modern，体验要 good""——全是没法验证的空话。 装上这个 143 行的 PRD skill，AI 不再瞎写： ① 强制反问 3 件事（为什么做 / 怎么算成功 / 有什么约束） ② 强制写 Non-Goals（不做什么） ③ KPI 必须可量化（fast → 200ms，relevant → Precision@10 ≥ 85%） 143 行 Markdown，没有 JS、没有 Python，纯靠 prompt 给 AI 加纪律。 视频里有「装前 vs 装后」实操对比 #ClaudeCode #AI编程 #程序员",https://www.iesdouyin.com/share/video/7651646730152185097/?region=US&mid=7651646704042674980&u_code=0&did=MS4wLjABAAAAefeTUT6Ig5MVRH0VD1BbBo6vUpoLCSh0dTOwe2_mM9UskkDKMAU2J4C3900GLcdE&iid=MS4wLjABAAAAkHJfSmBWkShPeFGhIGsRXy59krLeJFTWSmnPzh7b902G80gFlAayoZtFiNTm9Dr7&with_sec_did=1&video_share_track_ver=&titleType=title&share_sign=VA64FU3S66HOZuwjAJQ3Jgnx1iEoWVfM8G82hwVL.qU-&share_version=320900&ts=1782807426&from_aid=615883&from_ssr=1&share_track_info=%7B%22link_description_type%22%3A%22%22%7D,https://p11-sign.douyinpic.com/tos-cn-i-dy/b9e81fb611ef46029a7f01088fe81113~noop.webp?biz_tag=aweme_video&card_type=153&column_n=0&from=327834062_large&l=202606301617052EAAE090B0ECF93DF571&lk3s=138a59ce&s=PackSourceEnum_SEARCH_SIN&sc=cover&se=false&x-expires=1784016000&x-signature=BTrEq5l85d%2Bo7QKnDs5HWH4YlRQ%3D,柠檬AI摄影,2026-06-19,255,2,,43,1974.0,179.45,工具测评,App/软件、内容/创作,Claude、Claude Code,开发者、设计/创作者,,,弱,,,learning_tutorial,教程/课程/方法论,App/软件、课程/内容,Claude、Claude Code,,开发者、设计/创作者,0.82,"keyword=防御性 PRD; AI 写 PRD 不靠谱 这 143 行管住它 让 AI 写需求文档（PRD），它张口就""系统要 fast，UI 要 modern，体验要 good""——全是没法验证的空话。 装上这个 143 行的 PRD skill，AI 不再瞎写： ① 强制反问 3 件事（为什么做 / 怎么算成功 / 有什么约束） ② 强制写 Non-Goals（不做什么） ③ KPI 必须可量化（fast → 200ms，relevant → Precision@10 ≥ 85%） 143 行 Markdown，没有 JS、没有 Python，纯靠 prompt 给 AI 加纪律。 视频里有「装前 vs 装后」实操对比 #ClaudeCode #AI编程 #程序员",tikhub:douyin_keyword_search,防御性 PRD
douyin,让开发自己猜的 PRD， 是你写的吗？ #产品经理 #PRD #AI工作流 #职场干货 #产品那些事儿,https://www.iesdouyin.com/share/video/7655254624378555684/?region=US&mid=7655254662727224115&u_code=0&did=MS4wLjABAAAAefeTUT6Ig5MVRH0VD1BbBo6vUpoLCSh0dTOwe2_mM9UskkDKMAU2J4C3900GLcdE&iid=MS4wLjABAAAAkHJfSmBWkShPeFGhIGsRXy59krLeJFTWSmnPzh7b902G80gFlAayoZtFiNTm9Dr7&with_sec_did=1&video_share_track_ver=&titleType=title&share_sign=4MXa65csCBqGGLIFDlyj55lZVDB.k_SmjQDTPZsdNh0-&share_version=320900&ts=1782807426&from_aid=615883&from_ssr=1&share_track_info=%7B%22link_description_type%22%3A%22%22%7D,https://p3-sign.douyinpic.com/tos-cn-i-dy/3701ddae5fd744a3b2fae0b27aab9ba4~noop.webp?biz_tag=aweme_video&card_type=153&column_n=0&from=327834062_large&l=202606301617052EAAE090B0ECF93DF571&lk3s=138a59ce&s=PackSourceEnum_SEARCH_SIN&sc=cover&se=false&x-expires=1784016000&x-signature=78znsmnUnz88yMj5P9%2FYZXpXmN0%3D,产品不烂派,2026-06-25,24,0,,1,89.0,17.8,教程,自动化流程,,创业者/独立开发者,效率提升,可复刻、有结果,中,,,product_build,做产品/工具,AI Agent/工作流,,工作提效,创业者/独立开发者,0.7,keyword=防御性 PRD; 让开发自己猜的 PRD， 是你写的吗？ #产品经理 #PRD #AI工作流 #职场干货 #产品那些事儿,tikhub:douyin_keyword_search,防御性 PRD
douyin,我的vibecoding工作流。从 PRD 到上线，我现在基本按这个流程走。#codex #当我开始使用codex #ai创作浪潮计划 #ai新星计划 #vibecoding大赏,https://www.iesdouyin.com/share/note/7653295782271002481/?region=US&mid=7652363933361113890&u_code=0&did=MS4wLjABAAAAefeTUT6Ig5MVRH0VD1BbBo6vUpoLCSh0dTOwe2_mM9UskkDKMAU2J4C3900GLcdE&iid=MS4wLjABAAAAkHJfSmBWkShPeFGhIGsRXy59krLeJFTWSmnPzh7b902G80gFlAayoZtFiNTm9Dr7&with_sec_did=1&video_share_track_ver=&titleType=title&schema_type=37&share_sign=YDLe139Pykkr9w1Pn1uYf29GYkUSpW5wY14CKcrv2fU-&share_version=320900&ts=1782807426&from_aid=615883&from_ssr=1&share_track_info=%7B%22link_description_type%22%3A%22%22%7D,https://p26-sign.douyinpic.com/tos-cn-i-0813c000-ce/oIGACAiGvEBDi6AAvzAwfBit11IXe5bEeA8v9E~noop.webp?biz_tag=aweme_images&card_type=303&column_n=0&from=327834062_large&l=202606301617052EAAE090B0ECF93DF571&lk3s=138a59ce&s=PackSourceEnum_SEARCH_SIN&sc=cover&se=false&x-expires=1784016000&x-signature=BdLQfzuWKDjYgZnKUthaExbTYBA%3D,想你的薯条,2026-06-20,4201,53,,854,27777.0,2777.7,真案例,自动化流程、创意实验/好玩项目,Codex,,平台大赛、完整流程、效率提升,可复刻、有结果,强,,平台活动内容,dev_productivity,开发提效/编程技巧,AI Agent/工作流,Codex,工作提效,,0.7,keyword=防御性 PRD; 我的vibecoding工作流。从 PRD 到上线，我现在基本按这个流程走。#codex #当我开始使用codex #ai创作浪潮计划 #ai新星计划 #vibecoding大赏,tikhub:douyin_keyword_search,防御性 PRD
douyin,Vibe coding大赏｜用vibe coding搭建设计系统组件，颜值提升不止一个档次#vibecoding #vibecoding大赏 #ai新星计划 #真实生活分享计划 #抖音科技,https://www.iesdouyin.com/share/video/7652996528609292666/?region=US&mid=7652996560325823274&u_code=0&did=MS4wLjABAAAAJFEfYhaW3pnFE__hKjMOJLpyAandOof5-wCSZoOBoIIeR274yqep4MeRy03vtxWc&iid=MS4wLjABAAAAMqRlsZQbBKWZIBSN0TpzcNOeAKbnveeZuxjpprhdgqdJ6W2ZQWT5R2NGvrAoh45w&with_sec_did=1&video_share_track_ver=&titleType=title&share_sign=MDyawboVM36r25avZZtJI.j4zr84sATQZ28PnH8oTvQ-&share_version=320900&ts=1782807437&from_aid=615883&from_ssr=1&share_track_info=%7B%22link_description_type%22%3A%22%22%7D,https://p5-ex-gddgtc-sign.douyinpic.com/tos-cn-i-0813c000-ce/owv0OnaQ3yh7PMnAsTA3R55AriAAjB8iIENAE~noop.webp?biz_tag=aweme_video&card_type=153&column_n=0&from=327834062_large&l=20260630161715C192AE6C018ED41EC7C0&lk3s=138a59ce&s=PackSourceEnum_SEARCH_SIN&sc=cover&se=false&x-expires=1784016000&x-signature=fjzivkhHzOn43k74VLQqq%2F3VFXI%3D,阿水Ai说,2026-06-19,457,50,,52,2572.0,233.82,真案例,设计系统/视觉、运营工具,,设计/创作者,平台大赛,有结果,强,,平台活动内容,content_marketing,内容和营销创作,,,,设计/创作者,0.45,keyword=设计系统; Vibe coding大赏｜用vibe coding搭建设计系统组件，颜值提升不止一个档次#vibecoding #vibecoding大赏 #ai新星计划 #真实生活分享计划 #抖音科技,tikhub:douyin_keyword_search,设计系统
douyin,如何用AI完成一套品牌全案设计 #平面设计 #AI设计 #人类对豆包的开发不足百分之一 #现在轮到文科生写代码了,https://www.iesdouyin.com/share/video/7652705250800864550/?region=US&mid=7652705337644747570&u_code=0&did=MS4wLjABAAAAJFEfYhaW3pnFE__hKjMOJLpyAandOof5-wCSZoOBoIIeR274yqep4MeRy03vtxWc&iid=MS4wLjABAAAAMqRlsZQbBKWZIBSN0TpzcNOeAKbnveeZuxjpprhdgqdJ6W2ZQWT5R2NGvrAoh45w&with_sec_did=1&video_share_track_ver=&titleType=title&share_sign=GNLd8YnzMJGQyVKxCOE8a2D8h.wTIewhk9AEvRKrCTY-&share_version=320900&ts=1782807437&from_aid=615883&from_ssr=1&share_track_info=%7B%22link_description_type%22%3A%22%22%7D,https://p26-sign.douyinpic.com/tos-cn-i-dy/6b6f8dc209be40a3bafb41d571022c6e~noop.webp?biz_tag=aweme_video&card_type=153&column_n=0&from=327834062_large&l=20260630161715C192AE6C018ED41EC7C0&lk3s=138a59ce&s=PackSourceEnum_SEARCH_SIN&sc=cover&se=false&x-expires=1784016000&x-signature=wzCpw9e44eYvyFQI9B%2FeGTb3t%2F8%3D,野川设计,2026-06-21,29023,213,,2012,64847.0,7205.22,教程,设计系统/视觉,豆包,开发者、设计/创作者,,,中,,,dev_productivity,开发提效/编程技巧,,豆包,,开发者、设计/创作者,0.95,keyword=设计系统; 如何用AI完成一套品牌全案设计 #平面设计 #AI设计 #人类对豆包的开发不足百分之一 #现在轮到文科生写代码了,tikhub:douyin_keyword_search,设计系统
douyin,游戏小镇--超级治愈，用claude或者codex制作 依托 Codex 完成游戏场景渲染、交互逻辑、种植养殖、家园建造底层代码，实现流畅画面与轻量化运行；使用 Claude 撰写小镇人物剧情、支线故事、场景文案与对话文本，统一治愈温柔的叙事风格，二者配合完成这座无压力休闲小镇的完整开发，打造沉浸式治愈休闲体验。#撰写小镇人物 #vibecoding大赏 #高温来袭这套ootd超顶 #这件吊带有夏天滤镜 #无法拒绝的夏日快乐水,https://www.iesdouyin.com/share/video/7651985823600004404/?region=US&mid=7651985874657233705&u_code=0&did=MS4wLjABAAAAFerNLGxvHNk1FK2U4PZquhfefRCs6XXt0DUCVBxDnXo7X2DQtI8P8VZROkTVu13-&iid=MS4wLjABAAAAhUs_GpSdmcZbQOIo3urNmqJBAAJ1tFkapVtxmzVjH24-5gCCSSdoDsbUH-BfIrl-&with_sec_did=1&video_share_track_ver=&titleType=title&share_sign=4l_2tNHW3bnTzGy79eKKkUO8sO6KzDrSvoxOfUhCCvE-&share_version=320900&ts=1782807463&from_aid=615883&from_ssr=1&share_track_info=%7B%22link_description_type%22%3A%22%22%7D,https://p3-sign.douyinpic.com/tos-cn-i-dy/9c1ae3dbd7d7484e872e8c586346e8ea~noop.webp?biz_tag=aweme_video&card_type=153&column_n=0&from=327834062_large&l=2026063016174231C560244D706C5C57DD&lk3s=138a59ce&s=PackSourceEnum_SEARCH_SIN&sc=cover&se=false&x-expires=1784016000&x-signature=7IC1oPpLZvh9hGM%2BrQzgkmigdYw%3D,程老师AI技能库,2026-06-16,3980,241,,715,15177.0,1084.07,真案例,3D建模/渲染、内容/创作、游戏/互动、设计系统/视觉、创意实验/好玩项目,Claude、Codex,开发者、设计/创作者,完整流程、平台大赛,有结果,强,,平台活动内容,creative_game_visual,创意可视化/小游戏,3D建模/渲染、小游戏/互动、课程/内容,Claude、Codex,表达创意,开发者、设计/创作者,0.62,keyword=AI 游戏; 游戏小镇--超级治愈，用claude或者codex制作 依托 Codex 完成游戏场景渲染、交互逻辑、种植养殖、家园建造底层代码，实现流畅画面与轻量化运行；使用 Claude 撰写小镇人物剧情、支线故事、场景文案与对话文本，统一治愈温柔的叙事风格，二者配合完成这座无压力休闲小镇的完整开发，打造沉浸式治愈休闲体验。#撰写小镇人物 #vibecoding大赏 #高温来袭这套ootd超顶 #这件吊带有夏天滤镜 #无法拒绝的夏日快乐水,tikhub:douyin_keyword_search,AI 游戏
douyin,从0开始，用AI做一个3D平台跳跃游戏 用 AI 在 Unity 中从零开发一个 3D 平台跳跃游戏原型。 从场景搭建、角色控制到玩法实现，看看 AI 已经能做到什么程度。 #AI游戏开发 #Unity #游戏开发 #独立游戏 #3D,https://www.iesdouyin.com/share/video/7654870379474767154/?region=US&mid=7654870764033919770&u_code=0&did=MS4wLjABAAAAhgS4YfIoO29DvEZTaIaLo8scOGTDEawgiaq_6THQJekDbHAzcZag82MLY_D14TxJ&iid=MS4wLjABAAAAwytZ-Sae688KNXIPY2Oe1lT2_FAH8N2MXrIE4VG-kNxqwPG1QoxZjhO6nH1QE0po&with_sec_did=1&video_share_track_ver=&titleType=title&share_sign=C9k_BoTXuPSt72E_PgRb5qe5NP3XNEXwiVrdyB5GQlM-&share_version=320900&ts=1782807469&from_aid=615883&from_ssr=1&share_track_info=%7B%22link_description_type%22%3A%22%22%7D,https://p3-sign.douyinpic.com/tos-cn-i-dy/bd14fcdd8bcc4b3fa6227a33a1c7f7d5~noop.webp?biz_tag=aweme_video&card_type=153&column_n=0&from=327834062_large&l=202606301617471ECB8EB72EE36837BFFC&lk3s=138a59ce&s=PackSourceEnum_SEARCH_SIN&sc=cover&se=false&x-expires=1784016000&x-signature=bNLCzbJ8XBiheoD3d3DBUYd2xjc%3D,Game AI Lab,2026-06-24,99,6,,15,525.0,87.5,真案例,3D建模/渲染、游戏/互动、设计系统/视觉,,设计/创作者,,有结果,强,,,creative_game_visual,创意可视化/小游戏,3D建模/渲染、小游戏/互动,,表达创意、快速原型,设计/创作者,0.78,keyword=AI做游戏; 从0开始，用AI做一个3D平台跳跃游戏 用 AI 在 Unity 中从零开发一个 3D 平台跳跃游戏原型。 从场景搭建、角色控制到玩法实现，看看 AI 已经能做到什么程度。 #AI游戏开发 #Unity #游戏开发 #独立游戏 #3D,tikhub:douyin_keyword_search,AI做游戏
douyin,用ai来做游戏推广也太简单了，一分钟教会你#青年创作者成长计划 #ai教程,https://www.iesdouyin.com/share/video/7655236852076870568/?region=US&mid=7655236851338447626&u_code=0&did=MS4wLjABAAAAJFEfYhaW3pnFE__hKjMOJLpyAandOof5-wCSZoOBoIIeR274yqep4MeRy03vtxWc&iid=MS4wLjABAAAAMqRlsZQbBKWZIBSN0TpzcNOeAKbnveeZuxjpprhdgqdJ6W2ZQWT5R2NGvrAoh45w&with_sec_did=1&video_share_track_ver=&titleType=title&share_sign=4NaTudOaDjipzGqDRVG8AtMpUK.Hqhlc9XVRIqjucFE-&share_version=320900&ts=1782807473&from_aid=615883&from_ssr=1&share_track_info=%7B%22link_description_type%22%3A%22%22%7D,https://p26-sign.douyinpic.com/tos-cn-i-0813/o8e63qAAfAC6AaDaAVV81FIgBF9pNPyACNEEAN~noop.webp?biz_tag=aweme_video&card_type=153&column_n=0&from=327834062_large&l=20260630161752F6BC5E396DA0A5E711A6&lk3s=138a59ce&s=PackSourceEnum_SEARCH_SIN&sc=cover&se=false&x-expires=1784016000&x-signature=9kPhbDTQXOJmJBbWFMAIGYoFOII%3D,阿康AI自媒体,2026-06-25,629,11,,108,2895.0,579.0,教程,游戏/互动,,,几小时上线,可复刻,中,,,creative_game_visual,创意可视化/小游戏,小游戏/互动、课程/内容,,学习入门、表达创意,,0.7,keyword=AI 做游戏; 用ai来做游戏推广也太简单了，一分钟教会你#青年创作者成长计划 #ai教程,tikhub:douyin_keyword_search,AI 做游戏
douyin,《金羊宝库》#aivideomaker#aivideomaker最新版#aivideomakerAPP#aivideomaker下载#,https://www.iesdouyin.com/share/video/7656447940944268584/?region=US&mid=7656447898095225642&u_code=0&did=MS4wLjABAAAA-viKh-zSWTU9UYMRPOTMRLTbFdReM_B4zr3t2pDSnARAkJHxhEBY2CZsKwm7LDHw&iid=MS4wLjABAAAAmvQv4gK1DnhM_WSblKBmejOKYo1PBNj1wjEXPq_w1pucN2iRpJq2v396ZnxXQBHf&with_sec_did=1&video_share_track_ver=&titleType=title&share_sign=pHoHwaXoVDkC_c9IDjum_O..twumJBgtwd4tLz65s54-&share_version=320900&ts=1782807478&from_aid=615883&from_ssr=1&share_track_info=%7B%22link_description_type%22%3A%22%22%7D,https://p11-sign.douyinpic.com/tos-cn-p-0015/oATASI5GBeqA2qvKbtEUBFQA9AtDmgrNIEfJmH~noop.webp?biz_tag=aweme_video&card_type=153&column_n=0&from=327834062_large&l=202606301617579F26BFC747CDFC4513A9&lk3s=138a59ce&s=PackSourceEnum_SEARCH_SIN&sc=cover&se=false&x-expires=1784016000&x-signature=7USYSyNlYVxyn2gBiwaU14fbkGY%3D,用户7217937017740,2026-06-28,0,0,,1,8.0,4.0,真案例,App/软件,,,,有结果,强,用户,,product_build,做产品/工具,App/软件,,,,0.95,keyword=AI Game Maker; 《金羊宝库》#aivideomaker#aivideomaker最新版#aivideomakerAPP#aivideomaker下载#,tikhub:douyin_keyword_search,AI Game Maker
douyin,绝大多数AI只给文字思路，AiPy能听懂人话，自动调用浏览器、本地文件、网页，写代码执行完整任务，每个任务分配专属AI专员分工协作，完工出详细效率报告。 ✅教研党：一键检索全盘课题相关文件、整理教材完整下载渠道，交付md+网页版两份指南 ✅科研党：自动启动浏览器，走图书馆外网通道，知网检索+批量下载文献，少手动操作 ✅数码采购：自动爬电商商品数据，多维度对比帮选型号避坑 ✅通用办公：PPT/配图/文案/数据分析/定时任务全能搞定 人工1小时的工作，它5分钟完成，单次可省50-80元人工成本。 下载入口：https://www.aipyaipy.com/?referral=aipy_pEy8 #AI办公 #科研工具 #电脑自动化 #打工人效率神器 #教研必备,https://www.iesdouyin.com/share/video/7653788890465612273/?region=US&mid=7653788806113413888&u_code=0&did=MS4wLjABAAAADxD620Eq6uJtHJsC_Y6mPtElYgxsbfPCgtQuAJcw0Nt3meofOIhDsIJ8jEOMKJ_h&iid=MS4wLjABAAAAfHah6hqunW49gv9So5KXeSzUzzq5TDxPaOS_z2CXlqbRCyt2YBoUBGPrX76_GTz1&with_sec_did=1&video_share_track_ver=&titleType=title&share_sign=K98rJkrDlrJhisE0Xj18yfTTa7C4QErMnNtlOqYxsEM-&share_version=320900&ts=1782807521&from_aid=615883&from_ssr=1&share_track_info=%7B%22link_description_type%22%3A%22%22%7D,https://p26-sign.douyinpic.com/tos-cn-p-0015c000-ce/oEBQ3HfwAiU91iwAyt6CAgeGiGIEuE6weXAcD4~noop.webp?biz_tag=aweme_video&card_type=153&column_n=0&from=327834062_large&l=20260630161840F0D26977FE8D17123AB1&lk3s=138a59ce&s=PackSourceEnum_SEARCH_SIN&sc=cover&se=false&x-expires=1784016000&x-signature=VzAG0glFfxZ%2BwKCuXv5nK4JMtiU%3D,初衷,2026-06-21,1,0,,0,1.0,0.11,失败复盘,自动化流程、内容/创作、网站,,开发者,几小时上线、失败复盘、完整流程、效率提升,可复刻,中,,,workflow_automation,工作流和运营自动化,AI Agent/工作流、网站、课程/内容,,工作提效,开发者,0.65,keyword=Aippy; 绝大多数AI只给文字思路，AiPy能听懂人话，自动调用浏览器、本地文件、网页，写代码执行完整任务，每个任务分配专属AI专员分工协作，完工出详细效率报告。 ✅教研党：一键检索全盘课题相关文件、整理教材完整下载渠道，交付md+网页版两份指南 ✅科研党：自动启动浏览器，走图书馆外网通道，知网检索+批量下载文献，少手动操作 ✅数码采购：自动爬电商商品数据，多维度对比帮选型号避坑 ✅通用办公：PPT/配图/文案/数据分析/定时任务全能搞定 人工1小时的工作，它5分钟完成，单次可省50-80元人工成本。 下载入口：https://www.aipyaipy.com/?referral=aipy_pEy8 #AI办公 #科研工具 #电脑自动化 #打工人效率神器 #教研必备,tikhub:douyin_keyword_search,Aippy
douyin,太强了，Fable5直接生成网页版魔兽世界！ #VibeCoding #AI新星计划 #3D游戏 #AI游戏 #Github #vibecoding大赏,https://www.iesdouyin.com/share/video/7651960774956518656/?region=US&mid=7651960782158269238&u_code=0&did=MS4wLjABAAAA-viKh-zSWTU9UYMRPOTMRLTbFdReM_B4zr3t2pDSnARAkJHxhEBY2CZsKwm7LDHw&iid=MS4wLjABAAAAmvQv4gK1DnhM_WSblKBmejOKYo1PBNj1wjEXPq_w1pucN2iRpJq2v396ZnxXQBHf&with_sec_did=1&video_share_track_ver=&titleType=title&share_sign=ngUZ8QaKBzCECuVCJ4EkebJMEabp0GbdL3ph1s58RuQ-&share_version=320900&ts=1782807550&from_aid=615883&from_ssr=1&share_track_info=%7B%22link_description_type%22%3A%22%22%7D,https://p5-ex-gddgtc-sign.douyinpic.com/tos-cn-i-dy/5f29ada60d71451c80379592d0c5f726~noop.webp?biz_tag=aweme_video&card_type=153&column_n=0&from=327834062_large&l=20260630161909FD8D44D9B9DB984FCCDB&lk3s=138a59ce&s=PackSourceEnum_SEARCH_SIN&sc=cover&se=false&x-expires=1784016000&x-signature=1dvPGtDGArPxkcgtulYYcEsq6fc%3D,未来奇点,2026-06-16,1422,250,,427,8356.0,596.86,真案例,3D建模/渲染、游戏/互动、网站、设计系统/视觉,Fabel5、Replit,开发者、设计/创作者,平台大赛,有结果,强,,平台活动内容,creative_game_visual,创意可视化/小游戏,3D建模/渲染、小游戏/互动、网站,Fabel5、Replit,表达创意,开发者、设计/创作者,0.78,keyword=Replit AI Game Builder; 太强了，Fable5直接生成网页版魔兽世界！ #VibeCoding #AI新星计划 #3D游戏 #AI游戏 #Github #vibecoding大赏,tikhub:douyin_keyword_search,Replit AI Game Builder
douyin,AI复刻《杀戮尖塔》，全程没写一行代码！源码已开源 这次我尝试使用 AI + Godot，VibeCodeing从零开始复刻经典卡牌肉鸽游戏《杀戮尖塔》。 整个项目开发过程中： ✅ AI规划项目架构 ✅ AI编写游戏代码 ✅ AI修复Bug ✅ HOLOPIX生成游戏美术 ✅ AI实现UI界面与功能整合 而我只负责提需求和验收结果。 不过现实并不像很多宣传视频那样一句提示词直接生成游戏。 第一版项目几乎无法运行，Bug一堆，界面也非常简陋。经过多轮调试、修改和优化，最终完成了一个拥有完整玩法循环的《杀戮尖塔》Demo。 本期视频将完整展示： • 如何让AI规划游戏架构 • 如何利用AI开发卡牌系统 • 如何快速制作游戏美术 • 如何让AI实现游戏UI与功能整合 • AI开发游戏的真实效果到底如何 项目源码已开源，可自行下载学习研究，仅供学习交流，请勿用于商业用途。 如果你对AI游戏开发、Godot、独立游戏制作、AIGC或游戏编程感兴趣，欢迎关注我。 #AI游戏 #holopix #Godot #游戏美术 #杀戮尖塔,https://www.iesdouyin.com/share/video/7651837355153788194/?region=US&mid=7651837338775833353&u_code=0&did=MS4wLjABAAAA-viKh-zSWTU9UYMRPOTMRLTbFdReM_B4zr3t2pDSnARAkJHxhEBY2CZsKwm7LDHw&iid=MS4wLjABAAAAmvQv4gK1DnhM_WSblKBmejOKYo1PBNj1wjEXPq_w1pucN2iRpJq2v396ZnxXQBHf&with_sec_did=1&video_share_track_ver=&titleType=title&share_sign=iBjDUChb0zvop1BtbpYO_0xEPWgEm0i2AxLeHS5NfxQ-&share_version=320900&ts=1782807550&from_aid=615883&from_ssr=1&share_track_info=%7B%22link_description_type%22%3A%22%22%7D,https://p5-ex-gddgtc-sign.douyinpic.com/tos-cn-i-dy/d225222dc278433b94015da9e7273bbd~noop.webp?biz_tag=aweme_video&card_type=153&column_n=0&from=327834062_large&l=20260630161909FD8D44D9B9DB984FCCDB&lk3s=138a59ce&s=PackSourceEnum_SEARCH_SIN&sc=cover&se=false&x-expires=1784016000&x-signature=RX77jWqXqulh2Olb74vLQkuPU1I%3D,今天又被Godot打了,2026-06-16,1478,26,,122,4357.0,311.21,真案例,内容/创作、创意实验/好玩项目、求职/学习工具、游戏/互动,AIGC、Replit,开发者、设计/创作者,免费工具、完整流程,可复刻,强,,疑似商业推广,dev_productivity,开发提效/编程技巧,小游戏/互动、课程/内容,AIGC、Replit,快速原型、表达创意,开发者、设计/创作者,0.7,keyword=Replit AI Game Builder; AI复刻《杀戮尖塔》，全程没写一行代码！源码已开源 这次我尝试使用 AI + Godot，VibeCodeing从零开始复刻经典卡牌肉鸽游戏《杀戮尖塔》。 整个项目开发过程中： ✅ AI规划项目架构 ✅ AI编写游戏代码 ✅ AI修复Bug ✅ HOLOPIX生成游戏美术 ✅ AI实现UI界面与功能整合 而我只负责提需求和验收结果。 不过现实并不像很多宣传视频那样一句提示词直接生成游戏。 第一版项目几乎无法运行，Bug一堆，界面也非常简陋。经过多轮调试、修改和优化，最终完成了一个拥有完整玩法循环的《杀戮尖塔》Demo。 本期视频将完整展示： • 如何让AI规划游戏架构 • 如何利用AI开发卡牌系统 • 如何快速制作游戏美术 • 如何让AI实现游戏UI与功能整合 • AI开发游戏的真实效果到底如何 项目源码已开源，可自行下载学习研究，仅供学习交流，请勿用于商业用途。 如果你对AI游戏开发、Godot、独立游戏制作、AIGC或游戏编程感兴趣，欢迎关注我。 #AI游戏 #holopix #Godot #游戏美术 #杀戮尖塔,tikhub:douyin_keyword_search,Replit AI Game Builder
douyin,Fable-5 官方上架破解思路！用Opus 4.8恢复Fable-5工作模式， 但不是模型恢复了， 而是官方文档里，已经把 Fable-5 的核心工作方式写出来了。 我看完这篇提示词文档以后发现， 所谓 Fable-5 的强，不只是模型本身更强， 而是它背后有一整套 Agent 工作流： 长时间执行、明确边界、阶段验证、上下文记忆、复杂任务拆分。 所以重点来了： 如果你现在手里只有 Claude Opus 4.8， 其实可以用这套提示词，把它“调教”成接近 Fable-5 的执行模式。 #Fable5 #Claude,https://www.iesdouyin.com/share/note/7651653202953473969/?region=US&mid=7631166136259741697&u_code=0&did=MS4wLjABAAAAzWQBc662NfFYrB_kfBKOtY4PgPLKydxJFh9FYO3ncLs&iid=MS4wLjABAAAAWRk7Z3TdTLFZG5BhKXPe3INEyL6VXYfnny84CkDbDM8&with_sec_did=1&video_share_track_ver=&titleType=title&schema_type=37&share_sign=9SVLBOH1fP55wAw.x5l9Cx5Ock2US1f9JZJE2sbSbfY-&share_version=320900&ts=1782807554&from_aid=615883&from_ssr=1&share_track_info=%7B%22link_description_type%22%3A%22%22%7D,https://p11-sign.douyinpic.com/tos-cn-i-0813c000-ce/ogAACQACg9qAwfRQHiEZCFMA9EwDvwGn4IfBZd~noop.webp?biz_tag=aweme_images&card_type=303&column_n=0&from=327834062_large&l=202606301619135469EE14C6E6B836E41B&lk3s=138a59ce&s=PackSourceEnum_SEARCH_SIN&sc=cover&se=false&x-expires=1784016000&x-signature=so9WMMFNHO7789MjsLJQCGLxUYQ%3D,彬叔说AI,2026-06-16,395,15,,52,1747.0,124.79,教程,AI agent、自动化流程,Claude、Fabel5,,效率提升,可复刻,中,,,learning_tutorial,教程/课程/方法论,AI Agent/工作流,Claude、Fabel5,工作提效,,0.7,keyword=Fable5; Fable-5 官方上架破解思路！用Opus 4.8恢复Fable-5工作模式， 但不是模型恢复了， 而是官方文档里，已经把 Fable-5 的核心工作方式写出来了。 我看完这篇提示词文档以后发现， 所谓 Fable-5 的强，不只是模型本身更强， 而是它背后有一整套 Agent 工作流： 长时间执行、明确边界、阶段验证、上下文记忆、复杂任务拆分。 所以重点来了： 如果你现在手里只有 Claude Opus 4.8， 其实可以用这套提示词，把它“调教”成接近 Fable-5 的执行模式。 #Fable5 #Claude,tikhub:douyin_keyword_search,Fable5
douyin,上线72小时被禁！带你看Claude Fable 5恐怖能力 一句话手搓神作游戏、20分钟复刻《我的世界》、10分钟搞定工业CAD……带你盘点Fable 5留下的5个恐怖神迹！ 真正让它与众不同的是极其强大的“长程任务”能力。潘多拉魔盒已经打开，大模型军备竞赛进入关键时期！你觉得AI的进化速度可怕吗？评论区聊聊你的看法👇 #Token思维 #AGI #Fable5 #Claude #人工智能,https://www.iesdouyin.com/share/video/7652355859451776282/?region=US&mid=7652355942725798707&u_code=0&did=MS4wLjABAAAA9cGoXCGnKoXMcCUgMsb13lMgtFbeHlEi3UfpolvJBJc&iid=MS4wLjABAAAABiEDSOnfWFe09wFZzRLpMFxGVH4iYvfFvQ-7usUiPV4&with_sec_did=1&video_share_track_ver=&titleType=title&share_sign=ODr4s56FNS6yqPN0WDmjI7oZy1ihX3wgR6sw9jAU3SE-&share_version=320900&ts=1782807559&from_aid=615883&from_ssr=1&share_track_info=%7B%22link_description_type%22%3A%22%22%7D,https://p11-sign.douyinpic.com/tos-cn-i-dy/f72ec774a9a14dbb88968d7819c7c075~noop.webp?biz_tag=aweme_video&card_type=153&column_n=0&from=327834062_large&l=202606301619185F4F8E5A4BC12D31388B&lk3s=138a59ce&s=PackSourceEnum_SEARCH_SIN&sc=cover&se=false&x-expires=1784016000&x-signature=BBpiZ%2BXdh5uyWmV%2BgdHt0ZgxDG8%3D,Token思维,2026-06-17,17396,1066,,8570,106280.0,8175.38,真案例,游戏/互动,Fabel5、Claude,,几小时上线、完整流程,可复刻、有结果,强,,,creative_game_visual,创意可视化/小游戏,小游戏/互动,Fabel5、Claude,快速原型、表达创意,,0.7,keyword=Fabel5; 上线72小时被禁！带你看Claude Fable 5恐怖能力 一句话手搓神作游戏、20分钟复刻《我的世界》、10分钟搞定工业CAD……带你盘点Fable 5留下的5个恐怖神迹！ 真正让它与众不同的是极其强大的“长程任务”能力。潘多拉魔盒已经打开，大模型军备竞赛进入关键时期！你觉得AI的进化速度可怕吗？评论区聊聊你的看法👇 #Token思维 #AGI #Fable5 #Claude #人工智能,tikhub:douyin_keyword_search,Fabel5
douyin,这个信号意义深远，作为全球最顶尖的AI大模型之一，Fable 5的禁令如果解除，意味着美国政府的态度在松动，对AI行业的安全担忧正在通过合作的方式得到缓解而不是用禁令一刀切。行业最大的不确定性正在消退，全球AI应用的发展环境可能迎来边际改善。 对于A股来说，AI大模型、AI应用、智能体这些方向，在情绪上无疑是强心针，拿着这些方向的，踏实过周末就行了，下周市场自然会给出正反馈。,https://www.iesdouyin.com/share/note/7656190423324561658/?region=US&mid=7556611314157406244&u_code=0&did=MS4wLjABAAAA9cGoXCGnKoXMcCUgMsb13lMgtFbeHlEi3UfpolvJBJc&iid=MS4wLjABAAAABiEDSOnfWFe09wFZzRLpMFxGVH4iYvfFvQ-7usUiPV4&with_sec_did=1&video_share_track_ver=&titleType=title&schema_type=37&share_sign=KrvemnhXzRZ4d29ujgxgA8hLWpwT22KoAZq7VN8Ct2c-&share_version=320900&ts=1782807559&from_aid=615883&from_ssr=1&share_track_info=%7B%22link_description_type%22%3A%22%22%7D,https://p11-sign.douyinpic.com/tos-cn-i-0813c000-ce/ocBEIQ0IEdkAo6QCbAwDfEt9CMAFAAEwAIAqIf~noop.webp?biz_tag=aweme_images&card_type=303&column_n=0&from=327834062_large&l=202606301619185F4F8E5A4BC12D31388B&lk3s=138a59ce&s=PackSourceEnum_SEARCH_SIN&sc=cover&se=false&x-expires=1784016000&x-signature=T62UagItfu40k1vNL%2Ftdgk79d%2BM%3D,木子℡李,2026-06-28,3,4,,1,34.0,17.0,失败复盘,AI agent、App/软件,Fabel5,,,,中,,疑似商业推广,learning_tutorial,教程/课程/方法论,App/软件,Fabel5,,,0.7,keyword=Fabel5; 这个信号意义深远，作为全球最顶尖的AI大模型之一，Fable 5的禁令如果解除，意味着美国政府的态度在松动，对AI行业的安全担忧正在通过合作的方式得到缓解而不是用禁令一刀切。行业最大的不确定性正在消退，全球AI应用的发展环境可能迎来边际改善。 对于A股来说，AI大模型、AI应用、智能体这些方向，在情绪上无疑是强心针，拿着这些方向的，踏实过周末就行了，下周市场自然会给出正反馈。,tikhub:douyin_keyword_search,Fabel5
douyin,GPT5.6 Pro vs Fable5游戏界面、3D效果 内测来啦~ Fable 5 和 GPT-5.6 Pro 各自一次性 做一个 3D第一人称射击游戏原型。 画面里包括低多边形森林、第一人称枪械、瞄准镜、子弹、移动和射击逻辑。实测的是：3D 场景、游戏交互、UI 完整度和模型一次性生成复杂 demo 的能力~ 这样看来Fable 5 还是略胜一筹啊 ~ 期待两家尽快上线（ #AI #游戏,https://www.iesdouyin.com/share/video/7654736591230897418/?region=US&mid=7654604370331454258&u_code=0&did=MS4wLjABAAAA9cGoXCGnKoXMcCUgMsb13lMgtFbeHlEi3UfpolvJBJc&iid=MS4wLjABAAAABiEDSOnfWFe09wFZzRLpMFxGVH4iYvfFvQ-7usUiPV4&with_sec_did=1&video_share_track_ver=&titleType=title&share_sign=kY2JeRwyqcMKth161Fl.KNa81Ks6ZR8hO.hxrA6pAp8-&share_version=320900&ts=1782807559&from_aid=615883&from_ssr=1&share_track_info=%7B%22link_description_type%22%3A%22%22%7D,https://p5-ex-gddgtc-sign.douyinpic.com/tos-cn-i-dy/206631c48f2747e0ae1970a040761ae9~noop.webp?biz_tag=aweme_video&card_type=153&column_n=0&from=327834062_large&l=202606301619185F4F8E5A4BC12D31388B&lk3s=138a59ce&s=PackSourceEnum_SEARCH_SIN&sc=cover&se=false&x-expires=1784016000&x-signature=LS5g3pX6luoT6fpV4v%2BB0mwGKSU%3D,博文系统思维,2026-06-24,212,37,,111,1414.0,235.67,真案例,3D建模/渲染、创意实验/好玩项目、游戏/互动、设计系统/视觉,Fabel5,设计/创作者,完整流程,有结果,强,,,creative_game_visual,创意可视化/小游戏,3D建模/渲染、小游戏/互动,Fabel5,快速原型、表达创意,设计/创作者,0.65,keyword=Fabel5; GPT5.6 Pro vs Fable5游戏界面、3D效果 内测来啦~ Fable 5 和 GPT-5.6 Pro 各自一次性 做一个 3D第一人称射击游戏原型。 画面里包括低多边形森林、第一人称枪械、瞄准镜、子弹、移动和射击逻辑。实测的是：3D 场景、游戏交互、UI 完整度和模型一次性生成复杂 demo 的能力~ 这样看来Fable 5 还是略胜一筹啊 ~ 期待两家尽快上线（ #AI #游戏,tikhub:douyin_keyword_search,Fabel5
douyin,Fable 5 疑似回归！AI 油门踩到底，刹车还在现场焊接 紧急叫停又偷偷上线？Anthropic 最强模型暴露 AI 致命短板，全网疯等 Fable 5 回归，可所有人都忽略了最恐怖的真相，AI 行业最大悖论：所有人都想减速，却没人敢松开油门，Fable 5 即将回归，我们真的准备好了安全护栏吗？#Fable #Fable5 #AI #Claude #Anthropic,https://www.iesdouyin.com/share/video/7653832148922699050/?region=US&mid=7653832257840466734&u_code=0&did=MS4wLjABAAAA9cGoXCGnKoXMcCUgMsb13lMgtFbeHlEi3UfpolvJBJc&iid=MS4wLjABAAAABiEDSOnfWFe09wFZzRLpMFxGVH4iYvfFvQ-7usUiPV4&with_sec_did=1&video_share_track_ver=&titleType=title&share_sign=oqaSiWXWI57IoAc063KWl2OGZVglCYv0Rb5XYIFyYo8-&share_version=320900&ts=1782807559&from_aid=615883&from_ssr=1&share_track_info=%7B%22link_description_type%22%3A%22%22%7D,https://p5-ex-gddgtc-sign.douyinpic.com/tos-cn-i-dy/0fd44f2d52ec4ba4b5374b6db718d1ad~noop.webp?biz_tag=aweme_video&card_type=153&column_n=0&from=327834062_large&l=202606301619185F4F8E5A4BC12D31388B&lk3s=138a59ce&s=PackSourceEnum_SEARCH_SIN&sc=cover&se=false&x-expires=1784016000&x-signature=7HrpCtzZ8NSH%2FqWvpDunZpFtq6A%3D,拿幸·AI启示录,2026-06-21,653,49,,76,2214.0,246.0,失败复盘,,Fabel5、Claude,,完整流程,有结果,中,,,learning_tutorial,教程/课程/方法论,,Fabel5、Claude,,,0.95,keyword=Fabel5; Fable 5 疑似回归！AI 油门踩到底，刹车还在现场焊接 紧急叫停又偷偷上线？Anthropic 最强模型暴露 AI 致命短板，全网疯等 Fable 5 回归，可所有人都忽略了最恐怖的真相，AI 行业最大悖论：所有人都想减速，却没人敢松开油门，Fable 5 即将回归，我们真的准备好了安全护栏吗？#Fable #Fable5 #AI #Claude #Anthropic,tikhub:douyin_keyword_search,Fabel5
douyin,豆包AI能直接生成15秒视频？ 快去试试吧，生成后记得来评论区交作业，看看谁的 AI 视频最惊艳！🔥#豆包生成视频#豆包AI生成15秒长视频#AI生成视频#ai生成视频教程#AI视频,https://www.iesdouyin.com/share/video/7656068825829461299/?region=US&mid=7656068832461032242&u_code=0&did=MS4wLjABAAAAJFEfYhaW3pnFE__hKjMOJLpyAandOof5-wCSZoOBoIIeR274yqep4MeRy03vtxWc&iid=MS4wLjABAAAAMqRlsZQbBKWZIBSN0TpzcNOeAKbnveeZuxjpprhdgqdJ6W2ZQWT5R2NGvrAoh45w&with_sec_did=1&video_share_track_ver=&titleType=title&share_sign=U9P885TDsZVEsQ09E.VvvsfhJOSGYnM.s632aJjyhas-&share_version=320900&ts=1782807568&from_aid=615883&from_ssr=1&share_track_info=%7B%22link_description_type%22%3A%22%22%7D,https://p3-sign.douyinpic.com/tos-cn-i-dy/c4329ea0293a4f82962b3bff5544fe83~noop.webp?biz_tag=aweme_video&card_type=153&column_n=0&from=327834062_large&l=20260630161927E8350B53B62B3F1613A5&lk3s=138a59ce&s=PackSourceEnum_SEARCH_SIN&sc=cover&se=false&x-expires=1784016000&x-signature=6uTbJ3RmJaXfcLHCIc5fbLljDXs%3D,Dou Bao Agent博士,2026-06-27,786,545,,179,7952.0,2650.67,教程,AI agent、内容/创作,豆包,设计/创作者,,可复刻,中,,,learning_tutorial,教程/课程/方法论,课程/内容、AI Agent/工作流,豆包,学习入门,设计/创作者,0.7,keyword=豆包; 豆包AI能直接生成15秒视频？ 快去试试吧，生成后记得来评论区交作业，看看谁的 AI 视频最惊艳！🔥#豆包生成视频#豆包AI生成15秒长视频#AI生成视频#ai生成视频教程#AI视频,tikhub:douyin_keyword_search,豆包
douyin,即梦的seedmusic1.0模型怎么用？ #一站式AI创作工作台 #即梦AI #seedance2 #AI教程 ##国产AI音乐终于能打了,https://www.iesdouyin.com/share/video/7655995806532652303/?region=US&mid=7546810926947764266&u_code=0&did=MS4wLjABAAAAsqlRYnU5uDe-DiBY8fkl_mTCj7zvlHy4pR3JL2sZ4RoAch0UIjWzeIwnpQMZBwKq&iid=MS4wLjABAAAArjzsmK93Rbv1bTnqdUrl5zig6EfAJ6gx0PxqNiH_pVEvaY4ouxVi00KD5_NymXDa&with_sec_did=1&video_share_track_ver=&titleType=title&share_sign=IzZ1qZlWK_Aii2ZYBsnPhacklUyMDgWd2cmZbLL4aRA-&share_version=320900&ts=1782807572&from_aid=615883&from_ssr=1&share_track_info=%7B%22link_description_type%22%3A%22%22%7D,https://p26-sign.douyinpic.com/tos-cn-i-dy/1eab477c6e4444cab40d9ee22e47a12f~noop.webp?biz_tag=aweme_video&card_type=153&column_n=0&from=327834062_large&l=20260630161931593E996F6C506D45CF6C&lk3s=138a59ce&s=PackSourceEnum_SEARCH_SIN&sc=cover&se=false&x-expires=1784016000&x-signature=hm7JElUE70Kjuz9VROZS63UQPKM%3D,玩AI的小杨哥,2026-06-27,865,29,,210,4781.0,1593.67,教程,内容/创作,即梦,,,可复刻,中,,,learning_tutorial,教程/课程/方法论,课程/内容,即梦,学习入门,,0.95,keyword=即梦; 即梦的seedmusic1.0模型怎么用？ #一站式AI创作工作台 #即梦AI #seedance2 #AI教程 ##国产AI音乐终于能打了,tikhub:douyin_keyword_search,即梦
douyin,自动剪辑流插件Remotion 这是一个花几小时整理的Remotion插件所有特效提示词和特效演示的视频，很多人问都是AI用Remotion做出来的视频，为什么效果比别人差那么多，直接一个视频讲完Remotion里动画特效的展示和提示词，看完你就知道让Remotion做视频的时候怎么写脚本，用什么特效的提示词#claude,https://www.iesdouyin.com/share/video/7656376037895885897/?region=US&mid=7650763888107014922&u_code=0&did=MS4wLjABAAAAFerNLGxvHNk1FK2U4PZquhfefRCs6XXt0DUCVBxDnXo7X2DQtI8P8VZROkTVu13-&iid=MS4wLjABAAAAhUs_GpSdmcZbQOIo3urNmqJBAAJ1tFkapVtxmzVjH24-5gCCSSdoDsbUH-BfIrl-&with_sec_did=1&video_share_track_ver=&titleType=title&share_sign=u0cAoFirhaQqkVvuLQg3MIblzhUqbT.vRWA0Um85LxE-&share_version=320900&ts=1782807581&from_aid=615883&from_ssr=1&share_track_info=%7B%22link_description_type%22%3A%22%22%7D,https://p11-sign.douyinpic.com/tos-cn-i-0813c001/ogaAfftgAvteAI8EmQvSA6BYAfYUAEaW40BHwe~noop.webp?biz_tag=aweme_video&card_type=153&column_n=0&from=327834062_large&l=20260630161940F4D6E8BE612797C0C076&lk3s=138a59ce&s=PackSourceEnum_SEARCH_SIN&sc=cover&se=false&x-expires=1784016000&x-signature=xRVbDKXfgBFOgmHbkjEQ7NwuWmc%3D,古合,2026-06-28,7,0,,0,10.0,5.0,真案例,内容/创作、插件、自动化流程、设计系统/视觉,Claude,设计/创作者,几小时上线,可复刻,强,,,content_marketing,内容和营销创作,小游戏/互动、课程/内容,Claude,表达创意,设计/创作者,0.62,keyword=Remotion; 自动剪辑流插件Remotion 这是一个花几小时整理的Remotion插件所有特效提示词和特效演示的视频，很多人问都是AI用Remotion做出来的视频，为什么效果比别人差那么多，直接一个视频讲完Remotion里动画特效的展示和提示词，看完你就知道让Remotion做视频的时候怎么写脚本，用什么特效的提示词#claude,tikhub:douyin_keyword_search,Remotion
douyin,10分钟Remotion动画入门教程，适配国内本地实操环境 这个视频带你0代码基础入门remotion，制作MG动画无需codex和claude code，只要一台能上网的电脑。#remotion #codex #trae #claude #MG动画,https://www.iesdouyin.com/share/video/7653784235811048744/?region=US&mid=7653784263925549874&u_code=0&did=MS4wLjABAAAAFerNLGxvHNk1FK2U4PZquhfefRCs6XXt0DUCVBxDnXo7X2DQtI8P8VZROkTVu13-&iid=MS4wLjABAAAAhUs_GpSdmcZbQOIo3urNmqJBAAJ1tFkapVtxmzVjH24-5gCCSSdoDsbUH-BfIrl-&with_sec_did=1&video_share_track_ver=&titleType=title&share_sign=zqpWwZgkZFiGrurPndBq5yCjAsAsoSzJaHkMvJxdAlY-&share_version=320900&ts=1782807581&from_aid=615883&from_ssr=1&share_track_info=%7B%22link_description_type%22%3A%22%22%7D,https://p26-sign.douyinpic.com/tos-cn-i-dy/5ef228a706ff4e1881dc172f63b42492~noop.webp?biz_tag=aweme_video&card_type=153&column_n=0&from=327834062_large&l=20260630161940F4D6E8BE612797C0C076&lk3s=138a59ce&s=PackSourceEnum_SEARCH_SIN&sc=cover&se=false&x-expires=1784016000&x-signature=nG4XmUbAfKjLU%2FwW939ogBH9c3A%3D,仪绘士 BY,2026-06-21,1480,43,,282,9267.0,1029.67,教程,内容/创作、设计系统/视觉,Claude、Claude Code、Codex、Trae,设计/创作者、开发者,不会代码、几小时上线,可复刻,中,,,dev_productivity,开发提效/编程技巧,课程/内容、小游戏/互动,Claude、Claude Code、Codex、Trae,学习入门、表达创意,设计/创作者、开发者,0.7,keyword=Remotion; 10分钟Remotion动画入门教程，适配国内本地实操环境 这个视频带你0代码基础入门remotion，制作MG动画无需codex和claude code，只要一台能上网的电脑。#remotion #codex #trae #claude #MG动画,tikhub:douyin_keyword_search,Remotion
douyin,不用剪映、AE！Codex一句话自动生成视频！ 没用剪映、没碰AE，零关键帧！这条视频我用Codex的Remotion插件一句话生成的。发口播稿+一句指令，自动写代码、排版、配动画、渲染成片。 #Codex #Remotion #AI视频 #AI工具 #编程,https://www.iesdouyin.com/share/video/7654765762447559979/?region=US&mid=7654765772102781750&u_code=0&did=MS4wLjABAAAAFerNLGxvHNk1FK2U4PZquhfefRCs6XXt0DUCVBxDnXo7X2DQtI8P8VZROkTVu13-&iid=MS4wLjABAAAAhUs_GpSdmcZbQOIo3urNmqJBAAJ1tFkapVtxmzVjH24-5gCCSSdoDsbUH-BfIrl-&with_sec_did=1&video_share_track_ver=&titleType=title&share_sign=uG2UBDE_tansn9.RjsOk7bFYEVAWA2XlLUQw5HYIbMQ-&share_version=320900&ts=1782807581&from_aid=615883&from_ssr=1&share_track_info=%7B%22link_description_type%22%3A%22%22%7D,https://p26-sign.douyinpic.com/tos-cn-i-dy/3c9382cb4e1048948947c095257f62ea~noop.webp?biz_tag=aweme_video&card_type=153&column_n=0&from=327834062_large&l=20260630161940F4D6E8BE612797C0C076&lk3s=138a59ce&s=PackSourceEnum_SEARCH_SIN&sc=cover&se=false&x-expires=1784016000&x-signature=Jk4%2B%2FV70X%2BcRCbgK85ClMenjTYM%3D,阿森编程日记（AI自动化）,2026-06-24,325,9,,78,1816.0,302.67,真案例,设计系统/视觉、3D建模/渲染、内容/创作、插件、自动化流程、创意实验/好玩项目,Codex,设计/创作者、开发者,效率提升,有结果,强,,,dev_productivity,开发提效/编程技巧,3D建模/渲染、AI Agent/工作流、小游戏/互动、课程/内容,Codex,表达创意、工作提效,设计/创作者、开发者,0.66,keyword=Remotion; 不用剪映、AE！Codex一句话自动生成视频！ 没用剪映、没碰AE，零关键帧！这条视频我用Codex的Remotion插件一句话生成的。发口播稿+一句指令，自动写代码、排版、配动画、渲染成片。 #Codex #Remotion #AI视频 #AI工具 #编程,tikhub:douyin_keyword_search,Remotion
douyin,企业 AI 落地最大坑：Demo 跑得通，业务跑不通。做了这么多年企业项目，总结三道必须填平的鸿沟——数据、流程、人员。任何一道没做好，几万几十万投进去全是沉没成本。 #Codex #企业AI落地 #AI落地 #数字化转型 #企业提效,https://www.iesdouyin.com/share/video/7654582261316747193/?region=US&mid=7654582246846073638&u_code=0&did=MS4wLjABAAAAzWQBc662NfFYrB_kfBKOtY4PgPLKydxJFh9FYO3ncLs&iid=MS4wLjABAAAAWRk7Z3TdTLFZG5BhKXPe3INEyL6VXYfnny84CkDbDM8&with_sec_did=1&video_share_track_ver=&titleType=title&share_sign=CHcBiRI344Q1KvsbYzkNpT5g2BtQ6Y2jMYA_A4C8Lyk-&share_version=320900&ts=1782807605&from_aid=615883&from_ssr=1&share_track_info=%7B%22link_description_type%22%3A%22%22%7D,https://p26-sign.douyinpic.com/tos-cn-p-0015/ogIgA7IvJABi9hqPa2qSjBj6iQiEbggIQcqp9~noop.webp?biz_tag=aweme_video&card_type=153&column_n=0&from=327834062_large&l=202606301620041251083997D59735082E&lk3s=138a59ce&s=PackSourceEnum_SEARCH_SIN&sc=cover&se=false&x-expires=1784016000&x-signature=DhbGRGIVkjXyB%2B3LBn4Ku5fbXzo%3D,石头AI编程,2026-06-23,34,2,,7,148.0,21.14,真案例,创意实验/好玩项目、自动化流程,Codex,,失败复盘、效率提升,有结果,强,,,dev_productivity,开发提效/编程技巧,,Codex,工作提效、快速原型,,0.7,keyword=跑不通; 企业 AI 落地最大坑：Demo 跑得通，业务跑不通。做了这么多年企业项目，总结三道必须填平的鸿沟——数据、流程、人员。任何一道没做好，几万几十万投进去全是沉没成本。 #Codex #企业AI落地 #AI落地 #数字化转型 #企业提效,tikhub:douyin_keyword_search,跑不通
