platform,title,url,cover_url,author,published_at,like_count,comment_count,collect_count,share_count,hot_score,recent_hot_score,case_type,built_thing,tool_stack,target_audience,hook,content_value,evidence_level,monetization_signal,risk_flag,primary_category,category_label,product_forms,tools,motives,audience,confidence,description,source
xiaohongshu,纯干货！手把手教你免费用Claude Code！,https://www.xiaohongshu.com/explore/6a37ce950000000015025431,https://sns-na-i6.xhscdn.com/spectrum/1040g0k0321m6381cmu005n2lh07kgj8kj85rd48?imageView2/2/w/576/format/heif/q/58%7CimageMogr2/strip&redImage/frame/0/enhance/4&ap=1&sc=V_PRV&sign=3b72f969fcb8ed5149aae31fd1e82ea4&t=6a3ff4ae&origin=0,我是阿众,2026-06-22,8727,96,9290,918,44421.0,6345.86,工具测评,AI agent、内容/创作,Claude Code、Claude,开发者、设计/创作者,免费工具,,弱,,,dev_productivity,开发提效/编程技巧,AI Agent/工作流、课程/内容,Claude Code、Claude,,开发者、设计/创作者,0.57,如果你想用Claude Code，但不想花钱订阅官方套餐，或者根本不知道如何去订阅官方套餐，本期视频我将教你另外一种，可以用上Claude Code的方法，那就是把它接入第三方AI 模型，这样，你只需要花很少的钱，甚至不花钱就能用上顶级的AI Agent工具了！ #科大讯飞 #讯飞星辰MaaS #claudecode #vibecoding #AI工具 #AI #开源项目 #大模型 #个人开发者,csv:D:\Documents\热点库\TrendRadar\data\imports\redfox_xhs_vibecoding_2026-06-29.csv
xiaohongshu,24万人看过的2分钟0帧上手Codex接国产,https://www.xiaohongshu.com/explore/6a392fc500000000210167cb,http://sns-i14-ae.rednotecdn.com/spectrum/1040g34o321ngpu08n00g49bj17g7af8rapt6tk0?imageView2/2/w/576/format/heif/q/58|imageMogr2/strip&redImage/frame/0/enhance/4&ap=1&sc=V_PRV&sign=c1d9d3109d6e68c09853f890dab5a5f2&t=6a3ea7b9&src=A,蔡伊舟玩AI,2026-06-22,5261,108,10258,886,43663.0,6237.57,工具测评,内容/创作、自动化流程,Codex、DeepSeek,设计/创作者、零基础用户,几小时上线、完整流程、效率提升,可复刻,弱,,,learning_tutorial,教程/课程/方法论,课程/内容,Codex、DeepSeek,学习入门、工作提效、快速原型,设计/创作者、零基础用户,0.7,上个视频没了，再来一次 没学会的接着看 本期视频并不提供任何安装途径 只给新手讲解codex入门必备流程和概念，审核求放过 预告一下最近有更好用的工具 下一期马上会讲 新手更友好 windows版本更友好 不懂的可以在评论区或者🐷/✌️裙友好交流 一直想用 Codex 又一直没动手？ 这期视频解决所有借口💥 国内用上codex，不用魔法不用📱。 新手快速入门 ✅ 国产模型推荐（阿里云百炼/DeepSeek/小米 Mimo） ✅ CC Switch 一键配置切换 ✅ 全程零基础，边看边装 第一次让它帮你干完一件事，你会愣住的🫡 #红薯地经验指南 #HOWTO #ai #vibecoding #ai编程 #codex #howto入门codex #ai工具 #效率神器 #howto用好AI,csv:D:\Documents\热点库\TrendRadar\data\imports\redfox_xhs_vibecoding_2026-06-29.csv
xiaohongshu,Figma 设计稿→产品短片全自动（教程）,https://www.xiaohongshu.com/explore/6a35ee5e000000000702d389,http://sns-img-hw.xhscdn.net/1040g2sg321kap1qp7ke049ggaruvlbtaqtfe288?imageView2/2/w/1080/format/webp,设计师雪梨,2026-06-22,2036,15,1502,163,7921.0,1131.57,教程,App/软件、内容/创作、自动化流程,Claude、Claude Code,设计/创作者、创业者/独立开发者,,可复刻、有结果,中,,,learning_tutorial,教程/课程/方法论,课程/内容、AI Agent/工作流、App/软件,Claude、Claude Code,学习入门、表达创意,设计/创作者、创业者/独立开发者,0.62,把 Figma 文件链接丢给 Claude Code，连上 Figma MCP 之后，它直接读懂了我的咖啡 app——色调、界面结构、产品调性，全部自己分析。 然后它自己策划镜头创意、写视频脚本、调用skill生成视频。 我全程没切图、没写产品相关prompt、没手动操作任何一步。 这才是 AI 应该有的样子——不是工具，是会思考的协作者。 #figma教程 #figmamake #figma设计 #产品宣传片 #vibecoding #ai工具 #AI设计 #设计教程 #设计干货 @科技薯 @设计薯 #好视频扶持计划,csv:D:\Documents\热点库\TrendRadar\data\imports\redfox_xhs_vibecoding_2026-06-29.csv
xiaohongshu,howto整理人生相册｜把每一天变成“回忆日历”,https://www.xiaohongshu.com/explore/6a3de9b5000000001c02625e,http://sns-img-hw.xhscdn.net/1040g2sg321s4rgmenke05oc4uo040g1o70as2t8?imageView2/2/w/1080/format/webp,布鲁布鲁托Pluto,2026-06-26,1890,11,1027,80,5666.0,1888.67,真案例,App/软件、自动化流程,,,几小时上线、平台大赛,可复刻,强,,平台活动内容,learning_tutorial,教程/课程/方法论,App/软件,,,,0.7,每天一幅插画日记，让生活以影像化的方式有迹可循。 我用vivo X Fold6开发了这个“30天回忆月历”（Daily Memory Calendar）的制作流程： 在原子工作台里，AI生成不同画风的提示词，小V修图把照片变成各种趣味风格，再结合我vibecoding的排版APP搞定打印尺寸，最后贴上亚克力磁贴，冰箱上就会慢慢长出一整面会讲故事的回忆墙。 比起让照片沉睡在相册里，我更喜欢这种能摸到、能看见的仪式感。 真心推荐你尝试，让每一天都留下一幅“独一无二的小画”吧！ #XFold6新机测评 #vivoXFold6 #AI轻办公神器 #OriginOS6 #vivoXFold6新机评测 #vibecoding大赏 #手帐 #手帐日常 #记录自己 #howto整理人生相册 #howto用AI手搓APP @HOWTO薯,csv:D:\Documents\热点库\TrendRadar\data\imports\redfox_xhs_vibecoding_2026-06-29.csv
xiaohongshu,零代码做文游！任何故事都能改编成游戏～,https://www.xiaohongshu.com/explore/6a3a72f7000000001c0279c5,http://sns-img-hw.xhscdn.net/notes_pre_post/1040g3k8321oof7keno8g5oi8bc9k1uehp1qg7mg?imageView2/2/w/1080/format/webp,喵小望（游戏制作版）,2026-06-23,1865,26,1114,104,6169.0,1028.17,教程,游戏/互动、运营工具,,开发者、运营/营销,不会代码、完整流程,可复刻,中,,,learning_tutorial,教程/课程/方法论,小游戏/互动、课程/内容,,学习入门、表达创意,开发者、运营/营销,0.7,不用团队、不用写代码，一个人也能做视觉小说/文字游戏[派对R] 智谱GLM-5.2 1M超长上下文模型，完美解决长篇小说改编时容易丢失记忆的问题，轻松吃透几十万字完整原著，角色人设超稳定！ #我在小红书做游戏 #独立游戏开发 #游戏开发教程 #文字游戏 #视觉小说 #文游 #游戏开发者 #vibecoding #智谱 #GLM,csv:D:\Documents\热点库\TrendRadar\data\imports\redfox_xhs_vibecoding_2026-06-29.csv
xiaohongshu,0-1制作上线个人作品网站教程丨保姆级💓,https://www.xiaohongshu.com/explore/6a3a2801000000001c026c59,http://sns-webpic-qc.xhscdn.com/202606280003/07effda42d851c5cd03185749dccf0c5/1040g008321offctano005ogj05r8d525dja0qj0!nd_dft_wlteh_webp_3,陆78,2026-06-23,1559,56,1717,235,8870.0,1478.33,真案例,网站、App/软件、创意实验/好玩项目、自动化流程,AIGC、Codex、Cursor,开发者、设计/创作者、运营/营销,完整流程、免费工具、几小时上线,可复刻、有结果,强,,,dev_productivity,开发提效/编程技巧,App/软件、网站、课程/内容,AIGC、Codex、Cursor,学习入门、表达创意,开发者、设计/创作者、运营/营销,0.65,"🌟虽迟但到，分享下个人网站从制作到上线整体流程 ✍🏻 整体制作流程概览 1️⃣ 准备Ai编程工具（Codex Claudcode Cursor） 2️⃣ 跟Ai编程工具说你想要什么 3️⃣ 网站骨架出来后对整体架构、内容进行修改 4️⃣ 制作好的网站工程文件上传到GitHub 5️⃣ 去Vercel部署你的网站 6️⃣ 配置自己的专属域名 💓详细步骤如下💓 🖥 你需要提前准备 → 下载Ai编程工具（AI 帮你写代码的软件） → 注册 GitHub（存代码用，相当于代码的网盘） → 注册 Vercel（上线网站用）三个都免费 ✅ ⚠️ 以上注册都需要用到谷歌邮箱 📝 Step 1️⃣ · 告诉 AI 你想要什么 打开工具，直接用中文说：""帮我做一个个人作品集网站，黑色背景，顶部有导航，下面展示我的作品，先用卡片占位（骨架搭好再填充内容）""AI会搭好网站骨架✍🏻 👀 Step 2️⃣· 看骨架效果，哪里不对就直接说，不满意就截图发给AI，反复调整到满意为止 🖼 Step 3️⃣-1 · 骨架确定后把作品图片放进去，跟Ai说把某某文件夹里的图片放到网站的某个位置（位置可以截图发给Ai，它就可识别到哪个具体位置了） 📸 Step 3️⃣-2 ·图片都放置好后你的网站就有内容了，比如有一个全屏封面，下面的作品板块也有内容封面了，修改具体的细节就直接跟Ai工具自然语言描述就行 📀 Step 3️⃣-3 ·静态内容放好后就可以给板块加动态效果（可以让Ai给你建议） ☁️ Step 4️⃣ · 网站基本搭好后就可以传到 GitHub，代码就存到云上了，相当于把文件存进网盘 🚀 Step 5️⃣ · 去 Vercel 点一下部署 选择GitHub项目，点Deploy等两分钟，你的网站上线了 🎉 全世界都能访问的那种💥 🔄 以后要更新怎么办 GitHub和Vercel都有自动更新的能力，修改完后只要跟Ai工具说一句帮我推上线就行~ 💥 去做吧，你的作品值得被更多人看见 - #vibecoding #个人网站 #AI编程 #设计师 #作品集 #ai #作品集 #创意设计 #作品集网站 #AIGC #个人网站",csv:D:\Documents\热点库\TrendRadar\data\imports\redfox_xhs_vibecoding_2026-06-29.csv
xiaohongshu,Codex保姆级教程，40分钟纯干货！🤩,https://www.xiaohongshu.com/explore/6a3fc7fd000000000603040c,http://sns-img-hw.xhscdn.net/spectrum/1040g34o321tvc550701044pn55nvghse72t78o0?imageView2/2/w/1080/format/webp,大牙大,2026-06-27,1495,69,2979,431,14225.0,7112.5,真案例,AI agent、App/软件、内容/创作、运营工具、创意实验/好玩项目,Codex,开发者、设计/创作者、运营/营销、零基础用户,不会代码、免费工具、几小时上线,可复刻,强,,,learning_tutorial,教程/课程/方法论,课程/内容、AI Agent/工作流、App/软件,Codex,学习入门、获客/增长,开发者、设计/创作者、运营/营销、零基础用户,0.62,Codex有什么用？怎么用？ 这期视频我将自己4个月消耗了13亿Token的使用经验，浓缩为40分钟保姆级教程视频，带大家从第一次打开，到认识界面、管理电脑文件、安装软件、vibe coding、日常办公多个视频章节，手把手的教会你如何使用Codex！ Mac和Windows都通用，不会代码也能学。 - - - 🎬本期视频章节 00:38 ChatGPT和Codex的区别 01:46 如何下载安装Codex 02:23 免费账号也能免费用 02:53 Codex界面功能介绍 09:02 如何新建项目 10:39 用Codex管理文件 12:09 用Codex管理软件 13:19 用Codex vibe coding 15:06 如何使用计划模式 17:59 如何停止任务 18:31 AGENTS.md文件说明 22:25 vibe coding成果验收 25:03 用Codex做Word 28:48 预览功能精准提修改意见 29:42 用Codex做Excel 31:05 用Codex做PPT 31:57 用Codex生成图片 32:23 如何使用引导模式 34:14 如何同时处理多个不同任务 36:34 最后的总结 - #howto用好AI #ai #codex #codex教程 #AI教程 #AI用法 #vibecoding #数码好视频 #AI工具 #skill @科技薯 @数码薯,csv:D:\Documents\热点库\TrendRadar\data\imports\redfox_xhs_vibecoding_2026-06-29.csv
xiaohongshu,如何做出好看的HTML slides：0基础教程演示,https://www.xiaohongshu.com/explore/6a3ca9e20000000007022113,http://sns-img-hw.xhscdn.net/1040g2sg321qtpr237u7049mmbftcr46v6onftqg?imageView2/2/w/1080/format/webp,张咋啦,2026-06-25,1252,27,1246,211,6813.0,1703.25,教程,内容/创作、创意实验/好玩项目,,设计/创作者,免费工具、完整流程,可复刻,中,,,learning_tutorial,教程/课程/方法论,课程/内容,,学习入门、快速原型,设计/创作者,0.82,如何做出好看的HTML slides：0基础教程演示 Frontend Slides的完整使用方式demo、skill制作过程、如何制作一个skill，包括常见问题解答（如何插入图片、视频，如何编辑，如何分享） #howto手搓skill #howto实现一万种vibecoding #howto入门vibecoding #howto用AI抢救一切 #ppt #ppt模板 #html,csv:D:\Documents\热点库\TrendRadar\data\imports\redfox_xhs_vibecoding_2026-06-29.csv
xiaohongshu,2分钟学会！免费用AI把宠物做成电脑桌宠,https://www.xiaohongshu.com/explore/6a38ebcc000000000f006be3,http://sns-img-hw.xhscdn.net/spectrum/1040g34o321n90eao6u1g4a0q75jh45s59iuj55g?imageView2/2/w/1080/format/webp,Rico有三猫,2026-06-22,1229,24,857,53,4344.0,620.57,真案例,内容/创作、游戏/互动,,设计/创作者,几小时上线、免费工具,可复刻,强,,,learning_tutorial,教程/课程/方法论,课程/内容,,学习入门,设计/创作者,0.78,2分钟学会！免费用AI把宠物做成电脑桌宠 我把我家的猫猫，搬到了我的电脑桌面上，陪我24小时打工！ 他会发消息、会撒娇卖萌，还会整点报时，超级可爱！ 这个视频教会你做同款！把万物都能变成可爱桌宠！ #vibecoding #ai宠物 #ai教程 #howto用好AI #讯飞星辰MaaS #科大讯飞 #qwen #ai编程 #rico有三猫 #REDSkill,csv:D:\Documents\热点库\TrendRadar\data\imports\redfox_xhs_vibecoding_2026-06-29.csv
xiaohongshu,我用AI给自己VibeCoding了一个电子衣橱...,https://www.xiaohongshu.com/explore/6a38d03b000000002100bf5c,http://sns-img-hw.xhscdn.net/1040g008321n5ioa17e005pc9i43ogdu6gk577eg?imageView2/2/w/1080/format/webp,章炎炎,2026-06-22,1045,69,583,164,4451.0,635.86,真案例,App/软件、内容/创作、运营工具,Claude、Claude Code,设计/创作者、运营/营销,,有结果,强,,,dev_productivity,开发提效/编程技巧,App/软件、课程/内容,Claude、Claude Code,,设计/创作者、运营/营销,0.7,我用AI给自己VibeCoding了一个电子衣橱... 买回来的衣服塞进衣柜就忘？ [马甲R]我直接用Claude Code 花一下午，给我的vivo X Fold6开发了个电子衣橱APP！ [一R]3秒穿搭： 选见客户or上班or短视频拍摄or约会，AI自动从我的全部衣服里配好一套。 [二R]一机四开： 搭配OriginOS 6 Fold专属大屏系统，独家的原子工作台一屏多开App超好用，左边衣橱，右边刷小红书，看到好看的直接长按抠图拖进衣橱试穿，还能顺手发微信问朋友，窗口组合还能一键保存桌面！ #vivoXFold6美商极高 #vivoXFold6 #OriginOS6 #AI轻办公神器 #给我的AI员工们安排了工位,csv:D:\Documents\热点库\TrendRadar\data\imports\redfox_xhs_vibecoding_2026-06-29.csv
xiaohongshu,从图片到交付页面，我用Codex跑了一遍工作流,https://www.xiaohongshu.com/explore/6a39e103000000001503e0c7,http://sns-img-hw.xhscdn.net/1040g008321o6gapnno1049lj4rkfqrsmcqsb8tg?imageView2/2/w/1080/format/webp,浪味仙女爱设计,2026-06-23,1012,38,1557,204,7505.0,1250.83,教程,自动化流程,Codex,设计/创作者,完整流程、效率提升,可复刻,中,,,dev_productivity,开发提效/编程技巧,AI Agent/工作流,Codex,工作提效,设计/创作者,0.62,#邪修大法好 #红薯地经验指南 #HOWTO #howto用好AI #UI设计 #UX设计 #AI设计 #AI工具#vibecoding #codex,csv:D:\Documents\热点库\TrendRadar\data\imports\redfox_xhs_vibecoding_2026-06-29.csv
xiaohongshu,纯干货！手把手教你用AI设计开发个人网站！,https://www.xiaohongshu.com/explore/6a3a91d50000000021017efc,http://sns-webpic-qc.xhscdn.com/202606280003/fd2a116ebbf1a471cf3a5a716ee95686/spectrum/1040g0k0321ourg776u005n2lh07kgj8krd47v78!nd_dft_wlteh_webp_3,我是阿众,2026-06-23,922,5,817,76,4006.0,667.67,工具测评,网站、App/软件,Claude、Claude Code,创业者/独立开发者、开发者、设计/创作者,,有结果,弱,,,product_build,做产品/工具,App/软件、网站,Claude、Claude Code,,创业者/独立开发者、开发者、设计/创作者,0.78,如果你想用AI开发一个产品，第一步要做的，绝对不是着急忙慌地去让AI写代码，而是要先搞清楚你要做的这个产品，页面该怎么布局、功能怎么设计。因为AI开发的能力已经很强了，但产品的设计，还得人说了算，不过这并不意味着你需要手动去画设计稿，因为目前也有很多非常好用的AI设计工具。比如今天要介绍的QoderWork#Qwen#QoderWork#阿里云#claudecode #vibecoding #AI工具 #软件开发 #网站推荐 #AI #有趣的网站,csv:D:\Documents\热点库\TrendRadar\data\imports\redfox_xhs_vibecoding_2026-06-29.csv
xiaohongshu,vivo X Fold6 一摊开，就是代码创作工作台,https://www.xiaohongshu.com/explore/6a38a69f000000000f032d71,http://sns-img-hw.xhscdn.net/1040g008321r7qqmnn2005oke2vr8cn92in1v30g?imageView2/2/w/1080/format/webp,希彼赫,2026-06-22,780,76,182,115,2626.0,375.14,真案例,App/软件,,开发者,平台大赛,有结果,强,,平台活动内容,product_build,做产品/工具,App/软件,,,开发者,0.78,"vivo X Fold6 一摊开，就是代码创作工作台 一直有个痛点：灵感总在手机上冒出来，可手机上缺少趁手的创作环境，等回到电脑前,那点火花早就灭了。所以我自己 vibe coding 了一个 app，能写代码还能实时预览。这次在搭载 OriginOS 6 Fold 系统的 vivo X Fold6上彻底跑开，手机摊开就是工作台，软件之间来回切换，使得创作变得更轻松了。 #vivo #vivoXFold6 #vibecoding #数字艺术 #vibecoding大赏 #数字化艺术 #vivoXFold6美商极高 #vivoXFold6 #OriginOS6 #AI轻办公神器",csv:D:\Documents\热点库\TrendRadar\data\imports\redfox_xhs_vibecoding_2026-06-29.csv
xiaohongshu,这个时代，如何让AI做出有审美的网站?,https://www.xiaohongshu.com/explore/6a3beebf000000000803178f,http://sns-img-hw.xhscdn.net/notes_pre_post/1040g3k8321q6t51dnkk05oi4l3rk1bd3njha18o?imageView2/2/w/1080/format/webp,西里森森,2026-06-24,683,6,635,51,3026.0,605.2,真案例,网站、App/软件、游戏/互动、运营工具,豆包,创业者/独立开发者、设计/创作者、运营/营销,,只有噱头、可复刻,强,,信息密度低,product_build,做产品/工具,网站、App/软件、小游戏/互动,豆包,工作提效、表达创意,创业者/独立开发者、设计/创作者、运营/营销,0.64,- 不知道大家这两年，有没有焦虑过，如何让AI做出有审美的网站？ 最近这段时间，我在小红书上刷到了非常多漂亮的网站。 之前，我会觉得审美是一个偏私人化的东西，它背后体现出来的是一个人的阅历、看过的东西、认知水平，你很难把这些东西全塞到一段提示词里。 我每次让AI帮我写网页，都是反复说再好看一点、高级一点。 但对AI而言，人类眼里的好看和高级到底是什么？ 直到我前段时间看到 Y Combinator 今年一期设计评审报告，才意识到这条路从根上就不通。 评审嘉宾是Cron的设计者 Raphael Schaad，他跟 YC 合伙人一口气点评了六个用 AI 工具做的创业公司官网，给了一个很直接的建议：不要一上来就让 AI 设计你的网站、再去改它吐出来的东西。 所以我开始换一个角度思考，或许不是 AI 没有审美，而是我没有找到把自己的审美准确传递给它的方式。 审美确实是私人的，但它可以被拆解成具体的、可描述的设计决策——色值、字体、间距、禁区。找到这个翻译方法，AI 就能 get 到你要的风格~ 正好昨天seed 2.1 Pro 刚发布，它在 Coding 和 VLM（视觉理解）能力上做了比较大的提升[暗中观察R] 我拿它测试了一下，发现它的审美能力也有了非常大的提升。 比如这两个案例，也是我在motionsites复制提示词，用豆包 2.1 Pro跑出来的。 下面给大家详细分享一下测试过程。 #howto用AI手搓APP #howto用好AI #我在小红书做游戏 #howto实现一万种vibecoding #AI人工智能 #设计网站 #seed模型,csv:D:\Documents\热点库\TrendRadar\data\imports\redfox_xhs_vibecoding_2026-06-29.csv
xiaohongshu,分享🤩10个设计参考网站｜拯救你的AI审美,https://www.xiaohongshu.com/explore/6a3a4b690000000017029dbf,http://sns-img-hw.xhscdn.net/spectrum/1040g0k0321ojlfdbn0005nsh52v094f79jkgs10?imageView2/2/w/1080/format/webp,海明Dev,2026-06-23,594,9,1770,154,7181.0,1196.83,真案例,创意实验/好玩项目、网站,,设计/创作者,,有结果,强,,,product_build,做产品/工具,网站,,,设计/创作者,0.95,分享🤩10个设计参考网站｜拯救你的AI审美 你用AI是不是经常做出来丑丑的页面？ 那是因为你没有优质的参考！ 今天分享10个设计网站，汇集了各种风格的作品🤩 让你的AI直接去参考，站在巨人的肩膀上 💪 #howto用好AI #howto实现一万种vibecoding #设计网站 #AI #网站制作 #vibecdoing @科技薯,csv:D:\Documents\热点库\TrendRadar\data\imports\redfox_xhs_vibecoding_2026-06-29.csv
xiaohongshu,-,https://www.xiaohongshu.com/explore/6a3e7a7400000000060370d3,http://sns-img-hw.xhscdn.net/spectrum/1040g0k0321smlh0hn4105oan3eo0kejd2rlvdlg?imageView2/2/w/1080/format/webp,晓白和林亦,2026-06-26,588,132,799,107,4501.0,1500.33,真案例,运营工具、创意实验/好玩项目,Codex,运营/营销,平台大赛,有结果,强,,平台活动内容,product_build,做产品/工具,,Codex,快速原型,运营/营销,0.7,我做了一个Vibe Coding 雷达 快速找到最适合上手的项目 #vibecoding大赏 #ai #REDSkill #REDSkill大赏 #小红书Skill功能 #AI工具 #Skill #AI神器 #codex,csv:D:\Documents\热点库\TrendRadar\data\imports\redfox_xhs_vibecoding_2026-06-29.csv
xiaohongshu,详细教程|如何用AI制作高质量APP装到手机,https://www.xiaohongshu.com/explore/6a3e5349000000000803c57a,http://sns-img-hw.xhscdn.net/1040g2sg321sh57i27ue0401g4hdfvcefjiuck48?imageView2/2/w/1080/format/webp,是Skye学姐呀,2026-06-26,568,29,795,77,3714.0,1238.0,真案例,AI agent、App/软件、内容/创作、自动化流程,,创业者/独立开发者、开发者、设计/创作者,失败复盘、几小时上线、完整流程、平台大赛、效率提升,可复刻、有结果,强,,平台活动内容,product_build,做产品/工具,课程/内容、AI Agent/工作流、App/软件,,学习入门、工作提效,创业者/独立开发者、开发者、设计/创作者,0.67,我用AI做了一个自动整理碎片信息的App 📱 图片、链接、灵感语音，随手丢进去，AI自动帮我分类保存。从构想到部署到手机上，大概花了1天时间。全程没写一行代码，就是和AI对话。 今天分享： 1️⃣ 为什么建议你频繁记录自己 + 怎么养成无痛记录习惯 推荐我的极简记录法： 📌 每天语音回答3个问题（不超过30个字）： - 今天什么事让你记忆犹新？ - 哪个错误值得记入“避坑库”？ - 如果重来，我会优化哪一步？ 2️⃣ 如何用AI做你的专属记录App（附指令+工具） 为了解决“碎片信息管理老大难”，我做了一个AI Agent App —— 「灵感收藏家」。 核心功能： 🎙️ 语音灵感记录 🖼️ 图片/文字一键拖到App里，自动分类保存 📤 跨App一键转发 APP制作流程（3步） 1. 给出需求，AI润色指令 描述你要的功能，AI帮你生成详细的产品需求文档，视觉风格建议 2. AI编程工具写代码 中间反复调试、修bug、调UI，预留好时间 3. 创建APK包，部署到手机 让AI你打包成APK，发给安卓手机直接下载安装。 碎片信息来自不同App，记录需要多屏切换。折叠大屏可以多App同框运行，这次用vivo X Fold6的折叠大屏体验下来，OriginOS 6 Fold系统在分屏多任务上确实挺顺手，一次开三个App不用来回切，注意力不被打断。快去试试看吧 #XFold6新机测评 #vivoXFold6 #AI轻办公神器 #OriginOS6 #howto用好AI #AI效率工具 #vibecoding大赏 #科技数码howto #好视频扶持计划 #vivoXFold6新机评测,csv:D:\Documents\热点库\TrendRadar\data\imports\redfox_xhs_vibecoding_2026-06-29.csv
xiaohongshu,手机变工作台！高效打工人的 AI 手机长这样？,https://www.xiaohongshu.com/explore/6a3e4900000000001702bc64,http://sns-img-hw.xhscdn.net/1040g008321sfo843no005olteitmt0t4nbqn5q8?imageView2/2/w/1080/format/webp,嘿腿子腿子（AI版）,2026-06-26,519,53,306,35,1982.0,660.67,真案例,App/软件,,,几小时上线,有结果,强,,,product_build,做产品/工具,App/软件,,,,0.95,你是不是也经常这样，打开手机本来要干正事，结果刷着刷着半小时过去了？ 为了解决这个问题，我最近用 Vibe Coding 给自己手搓了一个任务监督 App。 搭配 vivo X Fold6 的大屏，四窗同时运行，不用切屏、不用翻文件，简直是最好用的 AI 搭子。 灵感来源@Plancoach #HOWTO #XFold6新机测评#vivoXFold6#AI轻办公神器#OriginOS6#vibecoding#vivoXFold6新机评测,csv:D:\Documents\热点库\TrendRadar\data\imports\redfox_xhs_vibecoding_2026-06-29.csv
xiaohongshu,每天用 AI 从公司偷走两个小时，你将……,https://www.xiaohongshu.com/explore/6a3b38bd000000001102d201,http://sns-img-hw.xhscdn.net/spectrum/1040g34o321pgsm6e6s105p82bcekguuleu06gdo?imageView2/2/w/1080/format/webp,陈言Linkc-Chen,2026-06-24,519,12,546,21,2385.0,477.0,工具测评,App/软件、AI agent,,创业者/独立开发者,几小时上线、效率提升,有结果,弱,,,product_build,做产品/工具,App/软件、AI Agent/工作流,,工作提效,创业者/独立开发者,0.74,最近在公司内部做培训，给同事们推荐Agent的产品。之前大家都在用聊天软件，但是随着Agent的架构的不断完善，以及模型能力的提升，能够在本地环境操作电脑中的文件，并且进行编程的工具已经渐渐成为主流了。 讲真，优秀的Agent架构必须要吃透模型能力，而模型也需要为Agent的应用场景进行优化。比如QoderWork，再配合千问最新的Qwen 3.7 Max，无论是在超长上下文的理解、长程任务的稳定性，还是复杂工具的调用，以及多轮反思和规划调整方面，都达到了非常可用的状态。 日常的白领工作，像数据分析、做PPT，偶尔写个程序提升工作效率，都没有问题。 而且很多公司都不愿意在看到效果前为工具付费。这个工具一上来就给了很足的token，一般工作几乎用不掉。 #howto用好AI #qoderwork #qwen37max #通义大模型 #vibecoding #Agent #AI数据分析 #ai做ppt #工作效率大大提高 #我要准时下班 @科技薯,csv:D:\Documents\热点库\TrendRadar\data\imports\redfox_xhs_vibecoding_2026-06-29.csv
xiaohongshu,模型的进步不是匀速的，它在跳台阶,https://www.xiaohongshu.com/explore/6a3a6cfc0000000008003579,http://sns-img-hw.xhscdn.net/1040g008321ome3fcne5g5nph1vag97flu01d7ug?imageView2/2/w/1080/format/webp,阿东玩AI,2026-06-23,503,10,102,5,899.0,149.83,真案例,AI agent、内容/创作、创意实验/好玩项目、自动化流程,豆包,设计/创作者、开发者,几小时上线,有结果,强,,,dev_productivity,开发提效/编程技巧,AI Agent/工作流、课程/内容,豆包,工作提效,设计/创作者、开发者,0.65,"阿东前两天和一个做投资的朋友聊天，他问我：现在模型是不是卷不动了？每个月发新版本，感觉都差不多。 我说你这个感觉没错，但对""迭代""的理解搞反了[石化R]。 模型的进步不是匀速的。它在跳台阶。我们习惯用版本号来理解迭代——1.0、2.0、2.1，线性升级。 但真实的模型进化是：很长一段时间卡在某条线下面，然后在某个版本突然跨过去。跨过去之后，从""能用""变成""好用""，从""玩具""变成""生产工具""。我叫它质变点。 过去一年Token消耗量暴涨，MaaS生意ARR翻倍。不是需求端在拉动，是模型本身跨过了质变点。 Seedance 2.0跨过了视频生成的质变点。Opus 4.6跨过了Agent Coding的质变点。现在，豆包Seed-2.1正在跨过国产模型的质变点。 Coding上，Terminal Bench 2.1和Opus 4.7持平，SciCode超过Opus 4.7和GPT-5.5。内部测试里，豆包2.1连续运行18小时完成了芯片设计RTL全流程——1303行代码，仿真测试全过。 模型迭代不是线性升级。它是在某个版本突然跨过一条看不见的线。跨过去之后，""做不了""的突然能做了，""太贵了""的突然划算了。 这一天来得比大部分人以为的都快。 #大模型#豆包 #coding #agent #科技趋势 #Seedance #火山引擎",csv:D:\Documents\热点库\TrendRadar\data\imports\redfox_xhs_vibecoding_2026-06-29.csv
xiaohongshu,Seed2.1这是把Seedance2.0的质变点复刻了？？,https://www.xiaohongshu.com/explore/6a3a8aea00000000150254d7,http://sns-img-hw.xhscdn.net/notes_pre_post/1040g3k8321oqfc9o7b6g5p6m1ka0aeu6kmo9i6g?imageView2/2/w/1080/format/webp,TechTalker,2026-06-23,503,9,196,25,1336.0,222.67,工具测评,AI agent、自动化流程,,,效率提升,可复刻,弱,,,workflow_automation,工作流和运营自动化,AI Agent/工作流,,工作提效,,0.65,如果你用过一年前的各种AI各种大模型的话，再对比现在的，真的能感觉到它变好用了[doge]而且，是一种能真的交付到工作流、替你干活的那种好用 可以说，过去一年全球的模型，能力都不再按版本号一点点的线性提升了，会更像是爬楼梯一样，在某个节点突然跳一格，AI 就会在某个场景里变成真正的生产工具 而这种跨越，就叫“质变点”[暗中观察R] 我想今天的Seed 2.1，就和当年的Opus 4.6和Seedance 2.0一样，再次把这个质变点复刻出来了[得意R] #ai #大模型 #vibecoding #AIChannel #AI前沿 #AI编程 #seed #seedance2 #火山引擎 #agent,csv:D:\Documents\热点库\TrendRadar\data\imports\redfox_xhs_vibecoding_2026-06-29.csv
xiaohongshu,非专业代码人士｜尝试第一次coding文创产品,https://www.xiaohongshu.com/explore/6a390332000000000f01dfd6,http://sns-webpic-qc.xhscdn.com/202606280003/8dec212ade951dc41dff8268d9901f5a/1040g2sg321natm0474705nq5tsdg8760ba365k0!nd_dft_wlteh_webp_3,独立设计师阿钰,2026-06-22,486,37,377,65,2322.0,331.71,真案例,App/软件、创意实验/好玩项目,Claude,创业者/独立开发者、开发者、设计/创作者,平台大赛,有结果,强,,平台活动内容,product_build,做产品/工具,App/软件,Claude,快速原型,创业者/独立开发者、开发者、设计/创作者,0.81,当大家都玩痴迷于🤩玩vibe coding的时候，应用层已经没有太多护城河了！作为一名设计师+文创爱好者我也手搓了一款demo产品：ChubbyGo。整体从：对话需求——交互制作——优化设计——呈现设计效果——输出格式。还蛮不错的！不妨你也去试试看效果完全不输claude design！！ #howto用AI手搓APP #vibecoding大赏 #AI设计 #vibecoding #opc创业 #文创UI设计 #UI界面AI生成 #Codingdemo #AI工具 #UI设计,csv:D:\Documents\热点库\TrendRadar\data\imports\redfox_xhs_vibecoding_2026-06-29.csv
xiaohongshu,怎么解决DeepSeek V4 Pro无法识图的问题？,https://www.xiaohongshu.com/explore/6a3939e00000000011018ccb,http://sns-img-hw.xhscdn.net/spectrum/1040g34o321nbvekhn4105pp0oq873e437fm3m1g?imageView2/2/w/1080/format/webp,小盖,2026-06-23,481,41,434,32,2244.0,374.0,教程,App/软件、自动化流程、AI agent、网站、运营工具,DeepSeek,创业者/独立开发者、开发者、设计/创作者、运营/营销,完整流程、效率提升,可复刻、有结果,中,,,product_build,做产品/工具,AI Agent/工作流、App/软件、网站,DeepSeek,工作提效,创业者/独立开发者、开发者、设计/创作者、运营/营销,0.62,怎么解决 DeepSeek V4 Pro 不能识别图片的问题，分享下我的经验。 简单说，就是我找到了一个价格差不多，但支持多模态的平替模型：Step 3.7 Flash。 这是国内另外一家 AI 创业公司阶跃星辰最近发布的新模型。哎，之前我居然不知道，进入了自己的信息茧房。 端午假期用下来，感觉挺惊喜的。 它的声量还没有那么大，很多人可能没注意到，但这几天真实用下来，我觉得它很适合放到 Coding 和 Agent 工作流里。性价比很高，而且原生多模态。 事情是这样的。端午假期，我想做一个 AI 写作类 App。最开始是准备用 GPT-5.5 来跑，但上周用得太狠，额度很快就不够了。 于是我切到了 DeepSeek V4 Pro。但做的过程中碰到一个大问题，V4 Pro 没有多模态，不能理解图片。 这对我来说没法接受。我 Vibe Coding 的流程一般都是先出设计图或者截图，让 AI 理解我想要的效果，再去实现。 它不能识别图片，我就得纯靠嘴说，怎么可能说得清楚。 后来在小红书上翻了一圈，找到了 Step 3.7 Flash 这个模型。 用了两天之后，我觉得自己发现了新的宝藏模型。说一下我的具体感受。第一，它可以搞定 80% 的 Coding 任务。 我的理解是，如果你有无限的旗舰模型额度，那当然可以全程用旗舰模型，不用纠结。 但真实情况是，大多数人都会碰到额度和成本的问题。尤其是做一个完整的应用，中间要写大量的业务代码，反复修改、反复调试，模型的消耗量是很大的。 所以我现在更倾向于做模型分层。 最开始的产品结构、技术架构、任务拆解，可以交给 GPT-5.5 这样的旗舰模型处理。 因为这个阶段需要模型做判断，需要它把整个系统想清楚。 但后面那些具体功能的实现，就可以交给 Step3.7 Flash 去跑。 如果中间遇到疑难的问题，确实 Flash 模型兜圈子搞不定，那我们可以再切回去，让 GPT-5.5 这样的旗舰模型去解决。 第二，速度非常快。在用 Step 3.7 Flash 写代码的时候，我的体感就是快。 后来去官网查了一下，它的吞吐量最高可以做到 400 Token/s。这个什么概念呢，大部分模型的吞吐速度也就是 100 Token/s 这个水准。,csv:D:\Documents\热点库\TrendRadar\data\imports\redfox_xhs_vibecoding_2026-06-29.csv
xiaohongshu,我用AI做了一个音乐剪辑工具🛠️,https://www.xiaohongshu.com/explore/6a3e5644000000000802600a,http://sns-img-hw.xhscdn.net/1040g2sg321si6kn67ee05nnipod0brt9nihhibo?imageView2/2/w/1080/format/webp,黑小柒seven,2026-06-26,454,52,327,29,1927.0,642.33,真案例,内容/创作、App/软件、求职/学习工具、创意实验/好玩项目,Claude、Codex,设计/创作者、零基础用户,几小时上线,有结果,强,,,product_build,做产品/工具,课程/内容、App/软件,Claude、Codex,学习入门、快速原型,设计/创作者、零基础用户,0.7,仅仅花了48小时就做出了能跑的版本，我自己都没想到！ 作为一个零基础的新手，真的体验到了编程的乐趣～ 先说说能做什么：它可以把一首歌里的人声、鼓点、乐器分离成6条轨道，也能无缝拼接2首歌（不是单纯地淡入淡出，做了细节处理的），还能给一首歌换上另一首歌的伴奏进行混音～ 以前选音乐的时候，我会尽量避免用带人声的，因为它会和我讲话的声音打架。 直到最近，借着学习vibecoding的机会，我想看看能不能做个工具来帮我解决这个问题。 不过目前它还只是一个很基础的版本，暂时只支持Mac，如果大家觉得好用，也可以告诉我还想加什么功能，我再想办法继续升级一下～ #vibecoding #剪辑教学 #自媒体工具 #claude #codex #数码大玩家 #视频制作 #Ai工具 #人声分离软件 #howto用好AI @HOWTO薯 @薯队长,csv:D:\Documents\热点库\TrendRadar\data\imports\redfox_xhs_vibecoding_2026-06-29.csv
xiaohongshu,严肃品鉴了一批好笑离谱又认真的 AI 产品。,https://www.xiaohongshu.com/explore/6a3ba743000000001503d049,http://sns-img-hw.xhscdn.net/notes_pre_post/1040g3k8321ptpbmo7a9g5o0uqep0991odks8arg?imageView2/2/w/1080/format/webp,蔡不菜（AI版）,2026-06-24,447,11,212,44,1490.0,298.0,真案例,网站,,创业者/独立开发者,平台大赛,有结果,强,,疑似商业推广、平台活动内容,product_build,做产品/工具,网站,,,创业者/独立开发者,0.82,哈喽大家，这里是菜菜～ 最近在看知乎上新AI Works的时候，品鉴了一批很离谱又很认真的 AI 小产品。 一开始我只是想笑： 1️⃣怎么会有人做 AI coding 圆环啊？ 2️⃣怎么会有人给小约翰可汗做宇宙知识库啊？ 3️⃣怎么会有人把“注意到如下积分”做成 skill 啊？ 但越看越觉得，这几个产品背后有一个很共同的点： 它们的第一动机好像都不是市场，而是某种非常私人的执念。我真的觉得这就是 Vibe Coding 特别迷人的地方，不是每一个产品一开始都要奔着融资、增长、商业闭环去。 有些东西就是因为一个人太喜欢、太较真、太想解决自己的问题，所以被做出来了，然后它刚好也帮到了另一些人。尤其是通辽宇宙知识库制作人说“已获得小约翰可汗本人好评”那里，我真的哈哈哈哈哈哈 但笑完又觉得：好棒啊，一个粉丝把喜欢的东西做成了一个真的能逛、能查、能玩的网站，这件事本身就很浪漫！ #AI产品 #知乎 #AI工具 #vibecoding大赏 #howto用好AI #AIworks,csv:D:\Documents\热点库\TrendRadar\data\imports\redfox_xhs_vibecoding_2026-06-29.csv
xiaohongshu,HowTo理清这些AI名词并且驾驭它们,https://www.xiaohongshu.com/explore/6a39f1da000000000f01ce89,http://sns-img-hw.xhscdn.net/1040g2sg321o8qmegn2704336ker375ct6bc6lao?imageView2/2/w/1080/format/webp,弗西西丁,2026-06-23,431,23,327,22,1703.0,283.83,教程,AI agent、内容/创作,,设计/创作者,平台大赛,,中,,平台活动内容,workflow_automation,工作流和运营自动化,AI Agent/工作流、课程/内容,,,设计/创作者,0.7,大家每天都在聊的 💬Agent SKill MCP Workflow…… 越听越迷糊 到底是做什么的 一条视频讲清楚，现在的AI工具到底在怎么帮你干活 @HOWTO薯 #howto用AI抢救一切 #AI工具#howto用好AI #OPC能力挑战赛 #商汤小浣熊 #Datewhale #vibecoding大赏,csv:D:\Documents\热点库\TrendRadar\data\imports\redfox_xhs_vibecoding_2026-06-29.csv
xiaohongshu,分享我认为有taste的AI公司（3）,https://www.xiaohongshu.com/explore/6a3a8505000000001102c2ea,http://sns-img-hw.xhscdn.net/notes_pre_post/1040g3k0321oqlda16u50415tc2gajdkmotmhve8?imageView2/2/w/1080/format/webp,丝诺姐姐,2026-06-23,405,6,350,85,2165.0,360.83,工具测评,创意实验/好玩项目、求职/学习工具、网站,,运营/营销、创业者/独立开发者、设计/创作者,,有结果,弱,,疑似商业推广,content_marketing,内容和营销创作,网站,,获客/增长、表达创意,运营/营销、创业者/独立开发者、设计/创作者,0.66,Taste lab：训练AI的审美模型的neo lab。 网站非常简单，但是让我玩出了密室逃脱的感觉，强烈推荐大家都去试一下，各种隐藏的小动效超级好玩，一点不像传统意义boring的基座模型公司。 Taste Labs 的口号是 “end AI slop”（终结AI低质内容），定位为 AI的“taste layer”即AI infra。1850万美元种子轮融资，由Amplify Partners和CRV共同领投。 1️⃣定位精准。生成式AI让“创造”变得廉价，但判断力（judgment/taste）仍是稀缺资源。Taste Labs 试图构建能让AI“懂审美、懂主观好坏”的底层能力，这被视为AI下一阶段的关键基础设施，尤其在创意、媒体、设计等领域。 2️⃣ 创始人有品 Thais Castello Branco不光会搞AI，她以前在Exa干增长的时候，就把营销做得特别有格调——连广告牌都设计得高级又不俗气。她自己对“什么东西好看、什么感觉对”特别敏感。 Ps题外话，好喜欢她的穿搭，一开始还以为是法国人。 3️⃣Blog实在写的太好了 能看出创始人很有思想，分享一段我很喜欢的话： “品味是一种技能， 需要不断磨练，也需要时间和精力。 它源于多方面的积累：接触（见识广博）、观察（发现规律）、形成观点（决定自己喜欢什么）以及筛选（决定自己不喜欢什么）。 而且，品味并非抽象存在，而是要结合具体情境。 事物本身并无好坏之分，一切都取决于情境、受众、目的和意图。” Btw，我理解的品味，源于波兰尼的默会知识，Thais把这个抽象的意思解释得非常到位。 强烈推荐去看她写的manifesto原文。 #howto实现一万种vibecoding #ai产品经理 #AI学习 #ai交流 #大模型 #taste #ai模型 #WWDC26 #科技数码howto #科技薯,csv:D:\Documents\热点库\TrendRadar\data\imports\redfox_xhs_vibecoding_2026-06-29.csv
xiaohongshu,自己写的App，靠折叠屏完成了AI闭环！,https://www.xiaohongshu.com/explore/6a3e35ce000000000f007b8d,http://sns-img-hw.xhscdn.net/spectrum/1040g34o321se0aedn2105pdsv223bvik7u9jb1g?imageView2/2/w/1080/format/webp,懒布懒妈,2026-06-26,370,11,74,5,687.0,229.0,真案例,内容/创作、创意实验/好玩项目、AI agent、App/软件、运营工具,,运营/营销、设计/创作者,几小时上线、效率提升,有结果,强,,,content_marketing,内容和营销创作,课程/内容、AI Agent/工作流、App/软件,,快速原型、工作提效,运营/营销、设计/创作者,0.64,做了个旅行Plog一键生成器Agent🌸 照片丢进去就自动输出手账风Plog， AI识别风景美食，配手写标题+贴纸+小文案，2小时vibe coding搞定开发～ 但真正让它从demo变成生产力的，是放到 vivo X Fold6 上👇 搭载最新 OriginOS 6 Fold 系统，AI文件管家说句话就帮我整理好三亚旅行素材📁 Agent负责一键生成Plog内容🎨 原子工作台展开大屏，左边Agent右边小红书旁边相册，生成完直接跨窗口拖到发布框✨ 还能把这套Agent+小红书+相册的组合一键保存成桌面快捷方式，下次点一下秒恢复专属布局💡 同一个Agent，普通手机只是小工具，折叠大屏上就是随身AI内容工作台。选对AI搭子效率翻倍💪 #XFold6新机测评 #vivoXFold6 #AI轻办公神器 #OriginOS6 #AI工具 #小红书科技AMA #AI编程 #生产力提升 #一起聊数码,csv:D:\Documents\热点库\TrendRadar\data\imports\redfox_xhs_vibecoding_2026-06-29.csv
xiaohongshu,vivo X Fold6里藏了个工位？全靠摊开四个屏,https://www.xiaohongshu.com/explore/6a38c83e000000001503f235,http://sns-img-hw.xhscdn.net/spectrum/1040g34o321n4lnkcn20g5p4qbf143rik9ca0co0?imageView2/2/w/1080/format/webp,豆芽AI笔记本,2026-06-22,328,19,196,42,1347.0,192.43,真案例,App/软件、内容/创作、自动化流程,,开发者、设计/创作者,完整流程、效率提升,可复刻,强,,,dev_productivity,开发提效/编程技巧,AI Agent/工作流、App/软件、SaaS/后台、课程/内容,,工作提效,开发者、设计/创作者,0.65,vivo X Fold6里藏了个工位？全靠摊开四个屏 P人旅行真的很容易临时开摆：人都落地国外了，攻略还是一片空白😭 这次我直接用vivo X Fold6搭了个「P人旅游急救包」App，专属的OriginOS 6 Fold系统专为折叠大屏开发，原子工作台四屏同开互不遮挡： 一个手机搞定跑需求、代码、攻略和素材整理一整条工作流，不用来回切后台，把vibe coding真正装进口袋，随心随性，带着这个满级AI搭子漫游就对啦～ #给我的AI员工们安排了工位 #vivoXFold6美商极高 #vivoXFold6 #OriginOS6 #AI轻办公神器 #数码大玩家 #折叠屏 #vibecoding #科技数码howto #AI编程,csv:D:\Documents\热点库\TrendRadar\data\imports\redfox_xhs_vibecoding_2026-06-29.csv
xiaohongshu,🔥爆火的Cowart 插件实测，把Figma搬进Codex,https://www.xiaohongshu.com/explore/6a3a9bb8000000001603ca53,http://sns-img-hw.xhscdn.net/1040g008321otl72t7e0049lj4rkfqrsm5qavrdg?imageView2/2/w/1080/format/webp,浪味仙女爱设计,2026-06-24,325,18,521,58,2442.0,488.4,工具测评,创意实验/好玩项目、插件、网站,Codex,设计/创作者,,有结果,弱,用户,,dev_productivity,开发提效/编程技巧,,Codex,,设计/创作者,0.7,@HOWTO薯 #howto用好AI #UI设计 #UX设计 #用户体验设计 #AI设计 #AI工具 #设计作品集 #设计干货 #vibecoding #codex,csv:D:\Documents\热点库\TrendRadar\data\imports\redfox_xhs_vibecoding_2026-06-29.csv
xiaohongshu,/goal 和 /loop，到底哪个更卷啊,https://www.xiaohongshu.com/explore/6a393b4d0000000011011037,http://sns-img-hw.xhscdn.net/spectrum/1040g34o321qocmat6u105pogl57ncb7slgo7p5g?imageView2/2/w/1080/format/webp,硅基解码 Decoder Only,2026-06-22,311,32,459,125,2848.0,406.86,真案例,AI agent、自动化流程、创意实验/好玩项目,Claude Code、Claude、Codex,创业者/独立开发者、开发者,几小时上线、效率提升,有结果、可复刻,强,用户,,dev_productivity,开发提效/编程技巧,AI Agent/工作流,Claude Code、Claude、Codex,工作提效,创业者/独立开发者、开发者,0.74,最近 loop engineering 有点火。 虽然我不太喜欢这个概念，但最近一段时间，我确实养成了一个习惯： 每天睡前给 Claude Code 布置一个“睡前任务”。 比如让它修一批 bug、开发几个功能、做一批评测，甚至刷刷邮件整理下用户反馈。 一开始，我还有点小纠结： 是用 /goal，还是 /loop好呢？ 小孩子才做选择，我们嘛，就都试试看。 摸索了一段时间，下面是我的几条经验，分享给大家： 1️⃣ /goal 是目标驱动，/loop 是时间或次数驱动 2️⃣ /goal 适合你把验收标准定义得很清楚的情况，好比有个产品经理，把用户故事和测试用例都写好了，AI 一条条去执行。没做完？不好意思，自动打回重做 3️⃣ /loop 反过来，适合模糊的情况，好比有一头蛮牛，你让它死磕一个问题，它就一直尝试，还真的有可能大力出奇迹给你带来意想不到的惊喜，有一次它就真的帮我提出了一个很好的重构方案，并且连代码都写好了 4️⃣ Claude Code 有个特点（不知道叫优点好还是缺点），它很喜欢很快把 /goal 标记为完成，有时候早上回来看，才干了 1 个多小时，感觉有点亏啊，其实还有很多可以做的，只好后悔自己没多加点条件定义清楚些 5️⃣ 最后一条，也可能是最重要的：大部分时候，人是瓶颈，不管是 /goal 还是 /loop，想清楚什么事情值得干，才是最重要的 也分享下一些写 goal 时的小 tricks 1️⃣ 先把 bugs、features 列好清单，贴给 AI，让它录入到 markdown 或 linear，然后围绕这个做持续的状态更新 2️⃣ 定义好验收标准：评测、单测、端到端测试、push 后再验收 3️⃣ 要求自己截图对比验收 before vs after Loop 嘛，也有 2 种使用场景 1️⃣ 固定工作流 2️⃣ 蛮牛工作流 👉 具体右滑看全文 >> 你在 Codex 或 CC 用 goal 或 loop 吗？ 如果有什么有意思的玩法，一起评论聊聊～ #LoopEngineering #goal #loop #claudecode #codex #vibecoding #agent开发实战,csv:D:\Documents\热点库\TrendRadar\data\imports\redfox_xhs_vibecoding_2026-06-29.csv
xiaohongshu,AI前端设计师-TRAE Work Design如何使用？,https://www.xiaohongshu.com/explore/6a3e09b7000000001c0255cb,http://sns-img-hw.xhscdn.net/spectrum/1040g0k0321s7352hmu004a2fiahsqcglh4ce14g?imageView2/2/w/1080/format/webp,一枚卓子,2026-06-26,309,9,396,68,2086.0,695.33,教程,AI agent,Trae,设计/创作者,,,中,,,dev_productivity,开发提效/编程技巧,AI Agent/工作流,Trae,,设计/创作者,0.7,#TRAE #TRAEWork #AI新手村 #AI设计 #vibecoding #Agent #前端 #howto用好AI,csv:D:\Documents\热点库\TrendRadar\data\imports\redfox_xhs_vibecoding_2026-06-29.csv
xiaohongshu,豆包Seed-2.1，字节LLM来到了自己的质变点,https://www.xiaohongshu.com/explore/6a3a59f4000000000f01fd7e,http://sns-img-hw.xhscdn.net/1040g008321olkvqgn0004b53bnuvg0871s2k91g?imageView2/2/w/1080/format/webp,AI Dance,2026-06-23,270,53,68,60,1219.0,203.17,真案例,AI agent、内容/创作、创意实验/好玩项目,Claude、Copilot、Gemini、Kimi、豆包,设计/创作者、开发者,几小时上线,有结果,强,,,dev_productivity,开发提效/编程技巧,AI Agent/工作流、课程/内容,Claude、Copilot、Gemini、Kimi、豆包,工作提效、快速原型,设计/创作者、开发者,0.76,今天火山引擎 Force 大会，久等的 Doubao Seed-2.1 Pro正式发布。 Terminal Bench 跟 Opus 4.7 基本持平，SciCode 还反超了 Opus 4.7 和 GPT-5.5。 价格：Pro 版本百万 token 输入 6 块、输出 30 块，综合比 Opus 降了大概 80%。Turbo 大概再便宜一半。 现场演示了 RTL 芯片设计任务 和 500+ 个 Agent 协同的demo。尤其 RTL，18 小时、9 轮迭代、1303 行代码、跑通仿真测试。这种活平时是 3-5 个工程师干几周的。现在各家都在比拼，模型能够自主完成超长程任务的时间，也是模型能力从copilot到coding agent质变的体现。 VLM 也提一嘴。移动端 GUI Agent 做到全球 SOTA，WorldVQA 压 GPT-5.5、Opus 4.7、Gemini 3.1 Pro，视频理解 LVBench 超 Gemini 3.1 Pro。VLM 本来就是豆包的基本盘，就不展开了。 再看用量：豆包大模型日均 token 消耗已经接近 180 万亿，公有云大模型使用量占比 49.5%。 现场演讲聊到，模型能力的跨越，往往就是一个“质变点”。Claude Opus 4.6 是 coding agent 的质变点，Seedance 是视频生成的质变点。模型能力跨过某个点之后，API 生意才会突然变好。 现在 Doubao Seed-2.1 也是这个质变点。我也跑了几个case，实测感觉 Seed-2.1 coding 能力追上来了，是国内第一梯队水平（后期会放横屏对比测试）。 大家都知道，由于对蒸馏的限制，字节等这一天等得更久。 现在国内 GLM-5.2、 Doubao Seed-2.1 、Kimi K2.7 Code、Qwen 3.7 基本咬住第一梯队，不知道未来几个月谁会更胜一筹？ #AI大模型 #seed模型 #火山引擎 #AIcoding #Agent #Seedance #FORCE大会 #大模型API #AI编程,csv:D:\Documents\热点库\TrendRadar\data\imports\redfox_xhs_vibecoding_2026-06-29.csv
xiaohongshu,把自己手搓出来的APP装进手机里用，真的太爽,https://www.xiaohongshu.com/explore/6a38c6d30000000006035c27,http://sns-img-hw.xhscdn.net/1040g008321n4b253no005n8pvuk46td8pn08o4g?imageView2/2/w/1080/format/webp,刘量AI,2026-06-22,270,35,246,24,1375.0,196.43,真案例,App/软件、内容/创作,,设计/创作者,,可复刻,强,,,product_build,做产品/工具,App/软件、课程/内容,,,设计/创作者,0.95,把自己手搓出来的APP装进手机里用，真的太爽 想做爆款视频，第一步就要是要有吸睛的封面。我直接手搓了一个APP【封面神器】，只要上传照片选择面板就能一键替换，还可以复刻别人的爆款封面和分析爆款封面～这个APP在手机里就能用，尤其搭配上vivo X Fold6，超大折叠屏幕，还有为大屏而生的专属OS系统OriginOS 6 Fold，4个窗口同时打开同时工作，不用切换软件，用起来真的太爽了。#Vibecoding #AI封面 #封面神器 #手搓APP #AI应用 #vivo #vivoXFold6 #给我的AI员工们安排了工位 #vivoXFold6美商极高 #OriginOS6 #AI轻办公神器,csv:D:\Documents\热点库\TrendRadar\data\imports\redfox_xhs_vibecoding_2026-06-29.csv
xiaohongshu,拒绝拖拉！用AI搭完工作流，一天把三天的活,https://www.xiaohongshu.com/explore/6a3e32150000000007024d15,http://sns-img-hw.xhscdn.net/1040g2sg321sdpvdfnecg5p9j54pqjcd5alf9h0o?imageView2/2/w/1080/format/webp,安十老师Answers,2026-06-26,268,5,294,19,1327.0,442.33,真案例,App/软件、内容/创作、自动化流程,豆包,设计/创作者、运营/营销,几小时上线、效率提升、完整流程,可复刻、引流明显,强,,引流明显,product_build,做产品/工具,App/软件、课程/内容、AI Agent/工作流,豆包,工作提效、快速原型、学习入门,设计/创作者、运营/营销,0.65,你们有没有这种感觉——手头正干着活，突然要查个资料，切出去翻半天，再切回来思路就断了？🤯 我以前就是这样。写文档写到一半想找个配图，打开相册翻着翻着就刷起视频了，等回过神来半小时没了……25分钟的活硬生生拖成2小时。 今年我做的最对的一件事就是：用AI搭了好几套完整工作流。 以前一次只能干一件事，现在写文档、做PPT、出图片可以同时推。给你们看几个我实际在用的场景： 📌 备课工作流 要讲端午主题班会，需要PPT和讲稿。我同时开着几个软件，一个AI聊讲稿内容，一个AI生成PPT，还有一个AI出课程配图。整个过程不到十分钟搞定。以前光来回切软件就得切十分钟。 📌 知识存储工作流 看到好文章、微信文件、网址链接，分门别类丢进知识库。复习的时候直接让AI基于资料出题，知识库秒变专属题库，资料再也不会吃灰。 📌 Vibecoding工作流 我手搓的那个叫“韵律日记”的番茄钟App，就是这么折腾出来的。用来记待办、记支出、记录每天精力变化，专注力差的人真的离不开。 📌 还有自媒体工作流也在跑，篇幅有限下次单独聊。 能做到这一切，除了AI本身好用，还得说下我手上这台vivo X Fold6的原子工作台——往右上角一滑，把WPS、豆包、千问、韵律日记全部拖进去，轻轻一折就变成同时运行的多软件工作台，不用来回跳转，注意力不散，效率自然上来。这套组合还能保存成桌面快捷方式，下次一键直达。 说实话，每次切软件那几秒钟，看着不起眼，对专注力的消耗真挺大的。不用跳转就能多软件协同，这个体验用过就回不去了。 资料存了就要用，活要同时干，注意力省下来做真正重要的事。 关注安十，减少AI信息差🧡 #XFold6新机测评 #vivoXFold6 #AI轻办公神器 #OriginOS6 #AI工作流 #打工人必备 #工作效率提升,csv:D:\Documents\热点库\TrendRadar\data\imports\redfox_xhs_vibecoding_2026-06-29.csv
xiaohongshu,用AI写了个赛博皮影戏交互网页，附详细教程,https://www.xiaohongshu.com/explore/6a3cc7260000000020039c0d,http://sns-img-hw.xhscdn.net/1040g008321r1e7t37o005pc9i43ogdu69pqn8l0?imageView2/2/w/1080/format/webp,章炎炎,2026-06-26,252,24,217,26,1231.0,410.33,教程,网站,,开发者,,可复刻,中,,,dev_productivity,开发提效/编程技巧,网站、课程/内容,,学习入门,开发者,0.78,#电小二 #电小二户外电源 #电小二1500Pro2 #手势交互 #手势识别交互 #vibecoding #AI写代码#数字艺术 #人机交互,csv:D:\Documents\热点库\TrendRadar\data\imports\redfox_xhs_vibecoding_2026-06-29.csv
xiaohongshu,obsidian➕claudecode搭建个人图书馆知识库,https://www.xiaohongshu.com/explore/6a3cc8a4000000001c026bb8,http://sns-img-hw.xhscdn.net/1040g008321r1klgd7u0049qkumddcg44v334bp8?imageView2/2/w/1080/format/webp,董啊脸,2026-06-25,249,5,349,27,1537.0,384.25,真案例,App/软件、内容/创作、创意实验/好玩项目,Claude、Claude Code、Codex,开发者、设计/创作者、运营/营销,平台大赛,有结果,强,,平台活动内容,dev_productivity,开发提效/编程技巧,App/软件、课程/内容,Claude、Claude Code、Codex,学习入门,开发者、设计/创作者、运营/营销,0.62,最近用AI + obsidian 帮我搭建了个人图书馆（里面涵盖了不同软件的读书内容，高亮划线都有，甚至还能阅读打卡） 不用我动手写一行代码，AI就能直接搞定！ #howto入门codex #howto实现一万种vibecoding #claudecode #ai工具 #vibecoding #vibecoding大赏 #好视频扶持计划 #howto用好AI #数码大玩家 #数码好视频 @HOWTO薯,csv:D:\Documents\热点库\TrendRadar\data\imports\redfox_xhs_vibecoding_2026-06-29.csv
xiaohongshu,Codex用户，建议每月跑一次这个prompt,https://www.xiaohongshu.com/explore/6a3ba1ee000000000f032aa6,http://sns-img-hw.xhscdn.net/spectrum/1040g0k0321pth3mg70005pjkshbhot8vhvks7s0?imageView2/2/w/1080/format/webp,AI,2026-06-24,248,6,474,84,2372.0,474.4,真案例,自动化流程、AI agent、求职/学习工具、创意实验/好玩项目,Codex,运营/营销,效率提升、免费工具、失败复盘,可复刻、有结果,强,用户,,learning_tutorial,教程/课程/方法论,AI Agent/工作流,Codex,工作提效、学习入门,运营/营销,0.63,最近用 Codex 比较频繁，发现一个小问题： 很多线程和项目做完之后，就直接放在那里了。 当时确实解决了一个任务，但后面再遇到类似事情，又会重新开一个新线程、重新描述一遍需求。 所以我试着让它定期帮我复盘自己的工作流。 尤其是当我最近开了很多 threads、做了很多 projects，却感觉老是遇到相似问题的时候，可以让 Codex 横向看一遍： 哪些任务一直在重复？ 哪些步骤其实可以固定？ 哪些项目可以沉淀成模板、skill 或自动化？ 我试了一个 prompt，感觉挺适合每个月用一次： Look across my threads and projects and come up with five ways to simplify and work more efficiently with Codex. Use sub-agents. 中文意思大概是： 查看我最近的 Codex 线程和项目，帮我提出 5 个可以简化流程、提高效率的做法。请使用子代理分头分析。 这个 prompt 的价值，不是让Codex帮你完成一个新任务，而是让它反过来帮你整理： 你最近真正做了什么 哪里在重复消耗时间 哪些流程值得固化下来 哪些内容可以变成下一套工作流 如果你也在频繁用Codex，建议不要只让它“干活”。 也要隔一段时间，让它帮你优化怎么干活。 #howto入门codex #ai #AI工具 #深度学习 #agent #codex #AI编程 #vibecoding #prompt #提示词,csv:D:\Documents\热点库\TrendRadar\data\imports\redfox_xhs_vibecoding_2026-06-29.csv
xiaohongshu,34万人看过的Codex画visio图教程来啦！,https://www.xiaohongshu.com/explore/6a3b232a000000001702eb1f,http://sns-img-hw.xhscdn.net/1040g008321pe61t8nu005pm7ac4nca6d5ml3d3o?imageView2/2/w/1080/format/webp,法务Gloria手记,2026-06-24,247,5,390,37,1738.0,347.6,教程,内容/创作、运营工具,Codex,设计/创作者、运营/营销,,可复刻,中,,,learning_tutorial,教程/课程/方法论,课程/内容,Codex,学习入门,设计/创作者、运营/营销,0.78,34万人看过的Codex画visio图教程来啦！ 久等啦大家 第一次录教程类视频 有不清楚的地方大家可以评论区留言呀～我会一一解答#howto入门codex #howto用AI抢救一切 #howto入门vibecoding #howto用好AI #howto实现一万种vibecoding #小红书科技AMA #好视频扶持计划,csv:D:\Documents\热点库\TrendRadar\data\imports\redfox_xhs_vibecoding_2026-06-29.csv
xiaohongshu,分享6个好用Hook玩法，让Coding更优雅...,https://www.xiaohongshu.com/explore/6a3e0bb10000000006022894,http://sns-img-hw.xhscdn.net/spectrum/1040g34o321s8u617n2005om9gsr5bo3lkpulq0g?imageView2/2/w/1080/format/webp,数字生命卡兹克,2026-06-26,219,10,237,58,1444.0,481.33,真案例,AI agent、创意实验/好玩项目、自动化流程,Claude、Claude Code、Codex,开发者、设计/创作者,效率提升,有结果,强,,,dev_productivity,开发提效/编程技巧,AI Agent/工作流,Claude、Claude Code、Codex,学习入门、工作提效,开发者、设计/创作者,0.59,最近Loop Engineering越来越火了，也有好几个朋友问我，这个东西怎么入手，我们到底应该开始从哪设计一个loop。 这其实是一个非常有意思的问题，如果让我真说一个东西的话，我觉得是我之前文章中反复提到的一个东西。Hook。 每一个Agent里，几乎都会有Hook这个东西，Claude Code和Codex的自动化里面，背后也都有。 loop的意思是循环，那我们任何循环，其实都有一个最基础最初始的东西，就是触发器，也就是如果你触发了某某动作，就会去执行某某命令。 生活中也到处都是Hook，比如到公司，手机自动切换工作模式，早上闹钟到点了自己响，这些全是Hook。 Agent里面也是如此，你可以通过给Hook设置特定的规则，自动化做很多事。 在Claude Code里也一样，把Hook挂在那些你关心的时刻上，提前设好什么时候做什么。 事情一来，它自己跑。你不在屏幕前也没关系。 所以，今天这篇文章，我也整理了6个我觉得比较好玩的Hook玩法，希望抛砖引玉，能够给大家一些思路。 如果觉得有用的话，欢迎把它分享给你的朋友们一起看看，这对我们有特别大的帮助！ #howto实现一万种vibecoding #howto用好AI #howto入门vibecoding #AI工具 #AI #开发者模式 #大模型 #hook #vibecoding #AIChannel @科技薯,csv:D:\Documents\热点库\TrendRadar\data\imports\redfox_xhs_vibecoding_2026-06-29.csv
xiaohongshu,codex小白一定要进行的操作,https://www.xiaohongshu.com/explore/6a3a01f200000000060341ac,http://sns-img-hw.xhscdn.net/1040g008321oauod37o0g5o0hepl08kp5ijppn8o?imageView2/2/w/1080/format/webp,猪猪师姐在读研,2026-06-23,145,0,353,23,1388.0,231.33,真案例,App/软件、创意实验/好玩项目,Codex,开发者、零基础用户,不会代码,有结果,强,,,dev_productivity,开发提效/编程技巧,App/软件,Codex,学习入门,开发者、零基础用户,0.62,codex小白一定要进行的操作 #浪漫生活的记录者 #howto入门codex #howto用AI手搓APP #howto用AI抢救一切 #howto入门vibecoding #研究生 #开发者选项 #电脑知识 #个人开发者 #前端,csv:D:\Documents\热点库\TrendRadar\data\imports\redfox_xhs_vibecoding_2026-06-29.csv
